year,avg_cows,litres,litres_per_cow,milk_net_eur,calves_born,bull_calves,heifer_calves_sold,culls,livestock_sales_banked,scheme_income,capital_grants,contracting_banked,payroll_cash_out,loan_interest_est,drawings,vat_t2_wrongly_claimed,year_end_current_balance
2006,205,1041920,5083,303612.46,196,94,44,37,36981.34,25135.61,0.00,0.00,30760.27,0.00,32100.00,0.00,43121.96
2007,208,1082430,5204,359739.67,198,94,42,37,40723.50,26080.06,48000.00,0.00,33210.63,4696.45,33840.00,0.00,35182.88
2008,212,1125530,5309,403276.62,192,91,39,38,38650.51,26115.90,0.00,0.00,38823.67,6808.65,33980.00,0.00,35962.55
2009,216,1080760,5004,256733.15,195,91,45,39,27330.13,26043.74,0.00,0.00,41427.58,3489.73,30340.00,0.00,23933.52
2010,220,1159820,5272,354217.90,200,97,44,40,37423.88,25241.94,0.00,0.00,42982.76,2919.64,37560.00,0.00,-4337.3
2011,218,1123300,5153,374644.11,199,94,43,39,41897.37,25169.82,23200.00,7893.91,44535.34,3077.01,40250.00,0.00,29027.71
2012,226,1168550,5171,362079.64,213,101,46,41,63780.65,24386.45,0.00,5825.15,46063.07,2734.02,39790.00,0.00,26236.84
2013,224,1080370,4823,398299.30,204,99,26,49,51773.21,26742.81,0.00,10231.06,47573.53,2111.13,40480.00,0.00,36356.15
2014,236,1296850,5495,502815.20,216,105,22,42,46504.61,23890.31,0.00,10779.09,62657.99,1516.47,43120.00,0.00,-1660.61
2015,252,1356320,5382,397998.14,233,113,28,45,43157.62,26413.93,64000.00,20231.79,64740.66,12725.44,43260.00,731.87,56741.15
2016,272,1518140,5581,424987.97,252,120,42,49,38396.04,27071.36,32000.00,14969.09,70901.71,13117.12,37800.00,10400.07,34051.51
2017,288,1611220,5595,587251.46,273,129,65,52,52797.27,27508.81,0.00,17827.62,69287.22,11629.77,46740.00,0.00,-6836.16
2018,294,1553480,5284,520358.35,266,129,64,82,115165.87,29927.57,0.00,18259.61,71473.99,14665.17,48480.00,0.00,12849.67
2019,292,1615330,5532,549051.60,268,128,59,53,56763.42,27221.13,0.00,20026.35,74020.91,16429.93,50320.00,0.00,55969.52
2020,298,1722870,5781,568570.97,285,135,72,54,54948.35,26699.77,26800.00,27430.82,76506.47,15386.67,51810.00,77.10,-2710.6
2021,300,1699540,5665,681938.96,287,138,76,54,74220.49,26696.05,0.00,29870.68,79047.14,13872.18,52300.00,91.65,-16324.48
2022,292,1654550,5666,959444.93,265,126,65,58,136662.80,25690.19,0.00,37081.71,81662.17,18025.72,54240.00,0.00,7232.78
2023,262,1460210,5573,686122.33,247,116,57,71,136511.66,32592.40,0.00,39043.83,84502.40,25840.44,45410.00,0.00,29570.72
2024,258,1514400,5870,643643.18,246,117,55,57,109163.82,32036.49,54000.00,47395.35,87349.28,22960.52,56920.00,0.00,36650.87
2025,266,1532800,5762,688412.91,253,120,64,48,108013.32,32213.87,0.00,42395.09,87835.85,18200.61,58660.00,0.00,36472.76
