chequeNo,date,payee,amount,memo
4502,10/05/2006,Kilcummin Agri Supplies Ltd,6566.71,KA06-0001
4503,10/04/2006,Kilcummin Agri Supplies Ltd,4009.14,KA06-0002
4504,11/01/2007,Lisheen Veterinary Clinic,766.80,LV06-0001
4507,19/02/2006,Lisheen Veterinary Clinic,793.88,LV06-0006
4508,17/07/2006,Lisheen Veterinary Clinic,696.36,LV06-0013
4511,26/02/2006,Lisheen Veterinary Clinic,391.81,LV06-0021
4514,21/04/2006,Southern Genetics Co-Op,875.70,SG06-0001
4518,28/03/2006,Southern Genetics Co-Op,465.44,SG06-0003
4525,17/07/2006,Ballyhoura Fuels Ltd,1237.42,BF06-0006
4528,06/06/2006,Charleville Farm Parts & Tyres Ltd,419.06,CFP06-0002
4532,21/02/2006,Charleville Farm Parts & Tyres Ltd,438.50,CFP06-0004
4533,15/04/2006,Charleville Farm Parts & Tyres Ltd,486.41,CFP06-0008
4536,07/08/2006,Charleville Farm Parts & Tyres Ltd,514.43,CFP06-0010
4539,07/03/2006,Charleville Farm Parts & Tyres Ltd,625.47,CFP06-0017
4542,04/08/2006,Charleville Farm Parts & Tyres Ltd,282.47,CFP06-0020
4545,31/08/2006,Charleville Farm Parts & Tyres Ltd,311.21,CFP06-0021
4547,25/10/2006,Charleville Farm Parts & Tyres Ltd,267.60,CFP06-0022
4550,20/11/2006,Charleville Farm Parts & Tyres Ltd,661.86,CFP06-0025
4552,29/08/2006,Charleville Farm Parts & Tyres Ltd,486.58,CFP06-0026
4554,10/07/2006,Charleville Farm Parts & Tyres Ltd,310.30,CFP06-0027
4556,24/09/2006,Charleville Farm Parts & Tyres Ltd,527.39,CFP06-0028
4558,04/09/2006,Charleville Farm Parts & Tyres Ltd,361.94,CFP06-0029
4563,20/03/2006,Dairy Hygiene Supplies Ltd,354.63,DHS06-0005
4566,11/12/2006,Dairy Hygiene Supplies Ltd,319.91,DHS06-0009
4568,01/03/2006,Dairy Hygiene Supplies Ltd,538.60,DHS06-0010
4569,23/04/2006,Dairy Hygiene Supplies Ltd,645.00,DHS06-0011
4572,03/11/2006,Cork Hoof Care Services,638.43,HF06-0004
4573,24/02/2006,Munster Farm Insurance Ltd,7145.00,MFI06-0001
4574,20/03/2006,Hegarty & Co Farm Accountants,3339.60,HC06-0001
4576,19/01/2007,Glenfern Feeds Ltd,3387.56,GF07-0006
4579,22/09/2007,Lisheen Veterinary Clinic,760.73,LV07-0004
4582,25/04/2007,Lisheen Veterinary Clinic,543.53,LV07-0006
4584,19/03/2007,Lisheen Veterinary Clinic,586.05,LV07-0023
4586,20/02/2007,Lisheen Veterinary Clinic,652.17,LV07-0026
4589,10/04/2007,Southern Genetics Co-Op,809.74,SG07-0003
4591,23/04/2007,Southern Genetics Co-Op,455.41,SG07-0007
4594,21/03/2007,Lyons Agri Contracting Ltd,1984.98,LAC07-0002
4597,20/04/2007,Lyons Agri Contracting Ltd,2141.50,LAC07-0004
4601,28/10/2007,Ballyhoura Fuels Ltd,2219.29,BF07-0002
4603,22/09/2007,Ballyhoura Fuels Ltd,1540.80,BF07-0004
4605,03/03/2007,Charleville Farm Parts & Tyres Ltd,692.65,CFP07-0001
4607,20/06/2007,Charleville Farm Parts & Tyres Ltd,366.35,CFP07-0003
4608,12/09/2007,Charleville Farm Parts & Tyres Ltd,434.69,CFP07-0006
4611,11/02/2007,Charleville Farm Parts & Tyres Ltd,603.21,CFP07-0008
4612,21/10/2007,Charleville Farm Parts & Tyres Ltd,635.67,CFP07-0009
4615,29/05/2007,Charleville Farm Parts & Tyres Ltd,541.17,CFP07-0011
4621,09/09/2007,Charleville Farm Parts & Tyres Ltd,331.88,CFP07-0018
4624,26/04/2007,Charleville Farm Parts & Tyres Ltd,548.52,CFP07-0021
4626,15/07/2007,Charleville Farm Parts & Tyres Ltd,316.20,CFP07-0024
4629,26/03/2007,Charleville Farm Parts & Tyres Ltd,404.93,CFP07-0026
4630,25/03/2007,Dairy Hygiene Supplies Ltd,310.05,DHS07-0003
4631,01/07/2007,Dairy Hygiene Supplies Ltd,419.83,DHS07-0005
4632,07/12/2007,Dairy Hygiene Supplies Ltd,593.80,DHS07-0008
4634,09/12/2007,Dairy Hygiene Supplies Ltd,309.14,DHS07-0009
4638,06/08/2007,Dairy Hygiene Supplies Ltd,378.26,DHS07-0012
4640,31/10/2007,Cork Hoof Care Services,952.17,HF07-0001
4643,14/11/2007,Cork Hoof Care Services,732.92,HF07-0002
4644,27/10/2007,Cork Hoof Care Services,843.58,HF07-0003
4645,25/03/2007,Hegarty & Co Farm Accountants,3473.18,HC07-0001
4646,08/07/2007,Teagasc,1132.56,TG07-0001
4648,30/03/2008,Lisheen Veterinary Clinic,715.61,LV08-0003
4651,25/11/2008,Lisheen Veterinary Clinic,482.40,LV08-0005
4652,15/08/2008,Lisheen Veterinary Clinic,902.32,LV08-0012
4655,09/06/2008,Southern Genetics Co-Op,677.06,SG08-0001
4661,19/10/2008,Ballyhoura Fuels Ltd,1762.84,BF08-0010
4662,03/10/2008,Charleville Farm Parts & Tyres Ltd,454.77,CFP08-0004
4663,09/04/2008,Charleville Farm Parts & Tyres Ltd,634.21,CFP08-0009
4664,20/09/2008,Charleville Farm Parts & Tyres Ltd,430.98,CFP08-0011
4669,20/12/2008,Charleville Farm Parts & Tyres Ltd,293.53,CFP08-0020
4671,24/11/2008,Charleville Farm Parts & Tyres Ltd,524.10,CFP08-0022
4674,04/11/2008,Charleville Farm Parts & Tyres Ltd,593.32,CFP08-0023
4677,15/08/2008,Charleville Farm Parts & Tyres Ltd,527.96,CFP08-0030
4678,25/08/2008,Dairy Hygiene Supplies Ltd,420.73,DHS08-0002
4681,27/10/2008,Dairy Hygiene Supplies Ltd,629.74,DHS08-0004
4683,28/09/2008,Dairy Hygiene Supplies Ltd,320.73,DHS08-0011
4684,30/04/2008,Dairy Hygiene Supplies Ltd,591.07,DHS08-0013
4686,19/02/2008,Cork Hoof Care Services,1109.46,HF08-0001
4688,26/07/2008,Cork Hoof Care Services,943.13,HF08-0003
4689,31/03/2008,Hegarty & Co Farm Accountants,3606.77,HC08-0001
4693,06/12/2009,Glenfern Feeds Ltd,5075.94,GF09-0006
4695,31/10/2009,Lisheen Veterinary Clinic,915.98,LV09-0001
4696,07/06/2009,Lisheen Veterinary Clinic,543.70,LV09-0022
4699,20/03/2009,Lisheen Veterinary Clinic,909.73,LV09-0025
4700,25/02/2009,Lisheen Veterinary Clinic,921.31,LV09-0026
4702,30/08/2009,Southern Genetics Co-Op,677.50,SG09-0004
4703,22/04/2009,O'Brien Plant Hire Ltd,2415.89,OB09-0001
4705,14/04/2009,Lyons Agri Contracting Ltd,2777.38,LAC09-0004
4711,11/09/2009,Charleville Farm Parts & Tyres Ltd,365.34,CFP09-0004
4712,12/05/2009,Charleville Farm Parts & Tyres Ltd,576.55,CFP09-0007
4714,07/06/2009,Charleville Farm Parts & Tyres Ltd,374.73,CFP09-0013
4715,25/01/2009,Charleville Farm Parts & Tyres Ltd,484.92,CFP09-0014
4718,27/11/2009,Charleville Farm Parts & Tyres Ltd,501.52,CFP09-0015
4720,26/07/2009,Charleville Farm Parts & Tyres Ltd,606.10,CFP09-0016
4726,03/11/2009,Charleville Farm Parts & Tyres Ltd,282.84,CFP09-0022
4727,07/08/2009,Charleville Farm Parts & Tyres Ltd,335.98,CFP09-0027
4729,26/12/2009,Charleville Farm Parts & Tyres Ltd,441.30,CFP09-0030
4732,15/08/2009,Charleville Farm Parts & Tyres Ltd,480.61,CFP09-0033
4735,15/06/2009,Dairy Hygiene Supplies Ltd,831.76,DHS09-0001
4738,24/11/2009,Dairy Hygiene Supplies Ltd,415.41,DHS09-0004
4740,07/02/2009,Dairy Hygiene Supplies Ltd,369.55,DHS09-0005
4742,30/08/2009,Dairy Hygiene Supplies Ltd,348.30,DHS09-0007
4745,25/10/2009,Dairy Hygiene Supplies Ltd,407.24,DHS09-0008
4746,07/05/2009,Dairy Hygiene Supplies Ltd,482.36,DHS09-0009
4751,10/05/2009,Dairy Hygiene Supplies Ltd,791.89,DHS09-0012
4754,30/08/2009,AgriWrap Plastics Ltd,1476.92,AW09-0001
4757,14/10/2009,Cork Hoof Care Services,943.42,HF09-0001
4758,07/08/2009,Cork Hoof Care Services,493.08,HF09-0002
4761,30/11/2009,Cork Hoof Care Services,736.57,HF09-0004
4763,10/02/2009,Cork Hoof Care Services,531.45,HF09-0005
4766,24/03/2009,Hegarty & Co Farm Accountants,3487.54,HC09-0001
4769,08/03/2010,Lisheen Veterinary Clinic,649.69,LV10-0002
4772,31/01/2011,Lisheen Veterinary Clinic,695.86,LV10-0016
4773,03/07/2010,Lisheen Veterinary Clinic,509.72,LV10-0020
4774,21/04/2010,Southern Genetics Co-Op,955.77,SG10-0001
4782,14/08/2010,O'Brien Plant Hire Ltd,2348.05,OB10-0002
4783,15/11/2010,Ballyhoura Fuels Ltd,2566.10,BF10-0003
4785,27/08/2010,Ballyhoura Fuels Ltd,1726.43,BF10-0008
4787,11/11/2010,Charleville Farm Parts & Tyres Ltd,649.32,CFP10-0001
4788,27/04/2010,Charleville Farm Parts & Tyres Ltd,508.56,CFP10-0004
4789,15/03/2010,Charleville Farm Parts & Tyres Ltd,266.27,CFP10-0012
4792,25/06/2010,Charleville Farm Parts & Tyres Ltd,598.82,CFP10-0013
4793,21/04/2010,Charleville Farm Parts & Tyres Ltd,315.51,CFP10-0015
4794,29/08/2010,Charleville Farm Parts & Tyres Ltd,570.08,CFP10-0018
4795,25/04/2010,Charleville Farm Parts & Tyres Ltd,677.82,CFP10-0022
4797,19/11/2010,Charleville Farm Parts & Tyres Ltd,505.07,CFP10-0024
4798,16/07/2010,Charleville Farm Parts & Tyres Ltd,542.62,CFP10-0027
4801,28/09/2010,Charleville Farm Parts & Tyres Ltd,477.44,CFP10-0028
4802,30/05/2010,Charleville Farm Parts & Tyres Ltd,258.01,CFP10-0029
4804,15/04/2010,Charleville Farm Parts & Tyres Ltd,577.40,CFP10-0030
4807,28/06/2010,Dairy Hygiene Supplies Ltd,778.85,DHS10-0009
4811,16/12/2010,Cork Hoof Care Services,779.88,HF10-0001
4813,15/10/2010,Cork Hoof Care Services,708.09,HF10-0003
4814,19/02/2010,Munster Farm Insurance Ltd,7771.40,MFI10-0001
4818,28/10/2011,Glenfern Feeds Ltd,2161.55,GF11-0004
4819,21/03/2011,Lisheen Veterinary Clinic,766.39,LV11-0001
4823,19/04/2011,Lisheen Veterinary Clinic,369.76,LV11-0006
4826,28/12/2011,Lisheen Veterinary Clinic,553.50,LV11-0022
4827,05/09/2011,Lisheen Veterinary Clinic,416.93,LV11-0025
4828,05/03/2011,Lisheen Veterinary Clinic,612.39,LV11-0030
4830,16/05/2011,Southern Genetics Co-Op,703.40,SG11-0001
4834,19/07/2011,Southern Genetics Co-Op,688.65,SG11-0005
4835,18/07/2011,Southern Genetics Co-Op,1019.04,SG11-0006
4837,12/12/2011,Southern Genetics Co-Op,758.33,SG11-0008
4841,20/09/2011,Ballyhoura Fuels Ltd,1467.17,BF11-0003
4842,04/04/2011,Ballyhoura Fuels Ltd,1830.82,BF11-0007
4844,12/03/2011,Charleville Farm Parts & Tyres Ltd,384.84,CFP11-0001
4846,04/02/2011,Charleville Farm Parts & Tyres Ltd,542.39,CFP11-0002
4849,24/06/2011,Charleville Farm Parts & Tyres Ltd,459.51,CFP11-0005
4851,20/07/2011,Charleville Farm Parts & Tyres Ltd,444.37,CFP11-0006
4854,30/09/2011,Charleville Farm Parts & Tyres Ltd,513.92,CFP11-0009
4857,13/05/2011,Charleville Farm Parts & Tyres Ltd,363.73,CFP11-0010
4860,27/09/2011,Charleville Farm Parts & Tyres Ltd,573.14,CFP11-0013
4863,23/05/2011,Charleville Farm Parts & Tyres Ltd,308.39,CFP11-0023
4864,18/12/2011,Charleville Farm Parts & Tyres Ltd,351.73,CFP11-0024
4865,18/04/2011,Charleville Farm Parts & Tyres Ltd,286.69,CFP11-0027
4867,03/07/2011,Charleville Farm Parts & Tyres Ltd,449.03,CFP11-0029
4869,03/07/2011,Dairy Hygiene Supplies Ltd,406.60,DHS11-0001
4871,02/01/2012,Dairy Hygiene Supplies Ltd,625.82,DHS11-0004
4874,21/11/2011,Dairy Hygiene Supplies Ltd,368.29,DHS11-0005
4876,28/03/2011,Dairy Hygiene Supplies Ltd,515.73,DHS11-0006
4879,29/05/2011,Dairy Hygiene Supplies Ltd,324.45,DHS11-0007
4880,25/09/2011,Dairy Hygiene Supplies Ltd,620.42,DHS11-0009
4881,30/07/2011,AgriWrap Plastics Ltd,1581.31,AW11-0001
4884,18/11/2011,Cork Hoof Care Services,692.92,HF11-0004
4885,30/08/2011,Cork Hoof Care Services,864.79,HF11-0005
4888,17/02/2011,Munster Farm Insurance Ltd,7838.10,MFI11-0001
4889,24/03/2011,Hegarty & Co Farm Accountants,3506.58,HC11-0001
4896,19/02/2012,Lisheen Veterinary Clinic,445.73,LV12-0017
4899,07/03/2012,Lisheen Veterinary Clinic,849.68,LV12-0025
4902,28/04/2012,Southern Genetics Co-Op,912.27,SG12-0006
4905,22/05/2012,O'Brien Plant Hire Ltd,4023.94,OB12-0001
4906,28/03/2012,Lyons Agri Contracting Ltd,1831.27,LAC12-0002
4908,07/04/2012,Lyons Agri Contracting Ltd,3541.19,LAC12-0003
4911,02/07/2012,Lyons Agri Contracting Ltd,3569.70,LAC12-0006
4912,22/07/2012,Ballyhoura Fuels Ltd,2483.18,BF12-0001
4913,11/06/2012,Ballyhoura Fuels Ltd,2509.31,BF12-0003
4914,20/03/2012,Ballyhoura Fuels Ltd,1747.16,BF12-0006
4915,23/06/2012,Ballyhoura Fuels Ltd,2432.66,BF12-0007
4916,03/07/2012,Ballyhoura Fuels Ltd,2086.99,BF12-0009
4919,11/12/2012,Ballyhoura Fuels Ltd,2468.41,BF12-0010
4923,22/09/2012,Charleville Farm Parts & Tyres Ltd,596.98,CFP12-0006
4926,19/04/2012,Charleville Farm Parts & Tyres Ltd,664.91,CFP12-0008
4927,08/05/2012,Charleville Farm Parts & Tyres Ltd,271.42,CFP12-0010
4930,11/06/2012,Charleville Farm Parts & Tyres Ltd,474.60,CFP12-0014
4933,13/09/2012,Charleville Farm Parts & Tyres Ltd,342.21,CFP12-0017
4940,05/02/2012,Charleville Farm Parts & Tyres Ltd,504.52,CFP12-0029
4944,02/07/2012,Dairy Hygiene Supplies Ltd,468.41,DHS12-0002
4947,29/10/2012,Dairy Hygiene Supplies Ltd,390.50,DHS12-0007
4948,07/04/2012,Dairy Hygiene Supplies Ltd,698.87,DHS12-0009
4950,23/07/2012,Dairy Hygiene Supplies Ltd,789.98,DHS12-0011
4951,30/11/2012,Dairy Hygiene Supplies Ltd,686.39,DHS12-0013
4952,24/09/2012,AgriWrap Plastics Ltd,1557.20,AW12-0001
4954,05/11/2012,Cork Hoof Care Services,903.25,HF12-0001
4955,18/02/2012,Munster Farm Insurance Ltd,8212.78,MFI12-0001
4956,23/03/2012,Hegarty & Co Farm Accountants,3632.44,HC12-0001
4957,02/07/2012,Teagasc,1184.49,TG12-0001
4961,20/05/2013,Lyons Agri Contracting Ltd,2400.42,LAC13-0006
4962,21/06/2013,Charleville Farm Parts & Tyres Ltd,612.36,CFP13-0004
4964,27/11/2013,Charleville Farm Parts & Tyres Ltd,585.60,CFP13-0005
4967,18/03/2013,Charleville Farm Parts & Tyres Ltd,466.93,CFP13-0011
4969,21/10/2013,Charleville Farm Parts & Tyres Ltd,328.73,CFP13-0019
4972,14/07/2013,Dairy Hygiene Supplies Ltd,803.96,DHS13-0002
4975,21/02/2013,Dairy Hygiene Supplies Ltd,418.32,DHS13-0011
4977,13/10/2013,Dairy Hygiene Supplies Ltd,427.02,DHS13-0012
4980,10/06/2014,Southern Genetics Co-Op,713.93,SG14-0002
4983,29/10/2014,Ballyhoura Fuels Ltd,1273.37,BF14-0008
4987,23/09/2014,Charleville Farm Parts & Tyres Ltd,577.01,CFP14-0035
4990,22/01/2015,Dairy Hygiene Supplies Ltd,571.06,DHS14-0010
4993,29/11/2014,Cork Hoof Care Services,1210.46,HF14-0004
4995,10/02/2015,Lisheen Veterinary Clinic,601.26,LV15-0037
4997,24/05/2015,Southern Genetics Co-Op,530.99,SG15-0007
4998,09/11/2015,Charleville Farm Parts & Tyres Ltd,369.42,CFP15-0003
4999,06/07/2015,Charleville Farm Parts & Tyres Ltd,502.10,CFP15-0015
5002,06/03/2015,Dairy Hygiene Supplies Ltd,337.51,DHS15-0004
5007,04/11/2015,Cork Hoof Care Services,731.38,HF15-0004
5008,09/07/2016,Charleville Farm Parts & Tyres Ltd,672.40,CFP16-0003
5009,24/08/2016,Charleville Farm Parts & Tyres Ltd,608.74,CFP16-0029
5012,13/11/2016,Dairy Hygiene Supplies Ltd,402.25,DHS16-0007
5014,09/09/2017,Ballyhoura Fuels Ltd,1566.15,BF17-0004
5015,17/12/2017,Charleville Farm Parts & Tyres Ltd,577.26,CFP17-0013
5016,06/05/2017,Charleville Farm Parts & Tyres Ltd,324.25,CFP17-0029
5019,11/12/2017,Dairy Hygiene Supplies Ltd,504.36,DHS17-0017
5020,28/05/2017,AgriWrap Plastics Ltd,1209.51,AW17-0003
5023,24/06/2018,Lisheen Veterinary Clinic,719.69,LV18-0031
5026,05/06/2018,Southern Genetics Co-Op,867.05,SG18-0004
5030,08/08/2018,Charleville Farm Parts & Tyres Ltd,542.43,CFP18-0022
5032,21/02/2018,Dairy Hygiene Supplies Ltd,668.84,DHS18-0014
5033,12/12/2018,Cork Hoof Care Services,1063.86,HF18-0005
5035,26/08/2019,Lyons Agri Contracting Ltd,3315.03,LAC19-0003
5037,30/07/2019,Charleville Farm Parts & Tyres Ltd,483.87,CFP19-0001
5040,28/03/2019,Charleville Farm Parts & Tyres Ltd,634.20,CFP19-0009
5041,28/12/2019,Charleville Farm Parts & Tyres Ltd,502.60,CFP19-0020
5044,24/06/2019,Dairy Hygiene Supplies Ltd,520.47,DHS19-0011
5047,27/05/2019,AgriWrap Plastics Ltd,1200.71,AW19-0003
5053,10/06/2020,Charleville Farm Parts & Tyres Ltd,429.60,CFP20-0005
5054,30/10/2020,Charleville Farm Parts & Tyres Ltd,268.93,CFP20-0013
5060,14/07/2020,Charleville Farm Parts & Tyres Ltd,560.70,CFP20-0021
5064,12/09/2021,Lisheen Veterinary Clinic,904.11,LV21-0018
5066,17/07/2021,Lisheen Veterinary Clinic,862.51,LV21-0033
5070,30/06/2021,Southern Genetics Co-Op,999.46,SG21-0004
5071,14/11/2021,Charleville Farm Parts & Tyres Ltd,320.98,CFP21-0028
5073,26/03/2022,Lisheen Veterinary Clinic,674.78,LV22-0011
5078,11/04/2022,Charleville Farm Parts & Tyres Ltd,566.56,CFP22-0001
5080,31/01/2022,Charleville Farm Parts & Tyres Ltd,621.11,CFP22-0024
5082,31/12/2023,Lisheen Veterinary Clinic,940.27,LV23-0020
5084,15/07/2023,Ballyhoura Fuels Ltd,1505.25,BF23-0001
5086,11/02/2023,Ballyhoura Fuels Ltd,2132.06,BF23-0006
5088,30/09/2023,Charleville Farm Parts & Tyres Ltd,396.63,CFP23-0006
5090,13/03/2023,Charleville Farm Parts & Tyres Ltd,538.38,CFP23-0012
5092,05/12/2023,Charleville Farm Parts & Tyres Ltd,373.86,CFP23-0016
5094,07/01/2024,Charleville Farm Parts & Tyres Ltd,664.93,CFP23-0021
5096,13/06/2023,Dairy Hygiene Supplies Ltd,659.42,DHS23-0002
5097,27/08/2023,Dairy Hygiene Supplies Ltd,481.50,DHS23-0015
5099,27/06/2023,AgriWrap Plastics Ltd,639.60,AW23-0005
5101,17/01/2025,Lisheen Veterinary Clinic,629.14,LV24-0033
5104,05/06/2024,Ballyhoura Fuels Ltd,1548.26,BF24-0005
5105,08/11/2024,Charleville Farm Parts & Tyres Ltd,618.19,CFP24-0040
5108,17/06/2024,Dairy Hygiene Supplies Ltd,391.53,DHS24-0010
5110,07/03/2025,Lisheen Veterinary Clinic,548.51,LV25-0003
5111,26/05/2025,Southern Genetics Co-Op,838.12,SG25-0002
5113,07/07/2025,Southern Genetics Co-Op,697.69,SG25-0006
5114,06/07/2025,Southern Genetics Co-Op,588.73,SG25-0008
5116,12/06/2025,Charleville Farm Parts & Tyres Ltd,308.62,CFP25-0054
5118,22/11/2025,Dairy Hygiene Supplies Ltd,566.71,DHS25-0006
5120,12/04/2025,Dairy Hygiene Supplies Ltd,421.14,DHS25-0019
5122,13/07/2025,AgriWrap Plastics Ltd,981.11,AW25-0005
5126,10/09/2007,Munster Rendering Ltd,119.55,MR07-0002
5127,26/08/2008,Munster Rendering Ltd,182.95,MR08-0001
5130,04/11/2008,Munster Rendering Ltd,143.75,MR08-0002
5132,23/10/2009,Munster Rendering Ltd,176.90,MR09-0002
5133,21/11/2010,Munster Rendering Ltd,199.41,MR10-0001
5134,31/01/2010,Munster Rendering Ltd,118.40,MR10-0002
5135,15/04/2011,Munster Rendering Ltd,139.76,MR11-0001
5137,17/05/2012,Munster Rendering Ltd,125.03,MR12-0002
5139,07/09/2014,Munster Rendering Ltd,146.12,MR14-0001
5151,18/05/2007,Corcaigh Building Contractors Ltd,53572.00,CB07-0001
5152,07/07/2007,Corcaigh Building Contractors Ltd,40179.00,CB07-0001
5155,02/05/2007,Murphy Steel Fabrication Ltd,26620.00,MSF07-0001
5158,19/04/2008,Munster Tractors Ltd,77440.00,MT08-0001
5161,16/06/2010,DairyTech Milking Systems Ltd,35090.00,DT10-0001
5164,23/07/2010,DairyTech Milking Systems Ltd,35090.00,DT10-0001
5165,02/08/2010,DairyTech Milking Systems Ltd,10285.00,DT10-0002
5168,19/03/2012,Rathcormac Motors Ltd,46740.00,RM12-0001
5172,29/12/2014,Munster Tractors Ltd,29520.00,MT14-0001
5191,22/08/2006,Southern Genetics Co-Op,964.94,SG06-0006
5193,14/04/2007,Southern Genetics Co-Op,686.78,SG07-0002
5195,18/06/2007,Southern Genetics Co-Op,2093.57,SG07-0001 SG07-0004
5198,21/08/2007,Southern Genetics Co-Op,598.21,SG07-0005
5200,21/04/2008,Southern Genetics Co-Op,449.52,SG08-0007
5201,17/06/2010,Southern Genetics Co-Op,1667.71,SG10-0005 SG10-0006
5203,18/07/2010,Southern Genetics Co-Op,1024.92,SG10-0007
5206,18/05/2012,Southern Genetics Co-Op,1388.40,SG12-0003 SG12-0008
5209,15/09/2012,Southern Genetics Co-Op,631.35,SG12-0002
5211,14/02/2006,Glenfern Feeds Ltd,7863.24,GF06-0001 GF06-0005
5212,21/03/2006,Glenfern Feeds Ltd,2995.76,GF06-0007
5215,15/12/2006,Glenfern Feeds Ltd,3505.47,GF06-0004
5217,19/02/2007,Glenfern Feeds Ltd,5174.00,GF07-0004
5218,25/06/2007,Glenfern Feeds Ltd,4962.56,GF07-0001
5221,19/12/2007,Glenfern Feeds Ltd,3798.17,GF07-0003
5222,19/01/2008,Glenfern Feeds Ltd,3845.76,GF07-0005
5224,25/02/2008,Glenfern Feeds Ltd,2269.35,GF08-0002
5225,17/10/2008,Glenfern Feeds Ltd,2662.33,GF08-0007
5227,19/12/2008,Glenfern Feeds Ltd,4348.63,GF08-0004
5230,12/04/2009,Glenfern Feeds Ltd,2801.00,GF09-0003
5232,23/06/2009,Glenfern Feeds Ltd,2818.58,GF09-0002
5235,17/05/2010,Glenfern Feeds Ltd,2675.55,GF10-0007
5238,17/10/2010,Glenfern Feeds Ltd,7684.95,GF10-0003 GF10-0006
5241,21/11/2010,Glenfern Feeds Ltd,4282.33,GF10-0001
5243,19/01/2011,Glenfern Feeds Ltd,4000.79,GF10-0002
5245,20/02/2011,Glenfern Feeds Ltd,9497.56,GF11-0002 GF11-0006
5247,15/04/2011,Glenfern Feeds Ltd,4439.94,GF11-0003
5251,17/06/2012,Glenfern Feeds Ltd,5106.78,GF12-0010
5252,21/10/2012,Glenfern Feeds Ltd,3408.04,GF12-0005
5253,20/03/2007,Kilcummin Agri Supplies Ltd,8090.81,KA07-0003
5255,15/09/2007,Kilcummin Agri Supplies Ltd,9566.01,KA07-0001
5259,17/04/2011,Kilcummin Agri Supplies Ltd,7642.11,KA11-0001
5262,15/05/2011,Kilcummin Agri Supplies Ltd,5312.61,KA11-0002
5266,20/07/2007,Ballyhoura Fuels Ltd,1343.37,BF07-0006
5268,17/01/2008,Ballyhoura Fuels Ltd,1437.72,BF07-0003
5269,19/02/2008,Ballyhoura Fuels Ltd,3576.67,BF08-0001 BF08-0009
5271,15/05/2008,Ballyhoura Fuels Ltd,1013.75,BF08-0003
5273,18/06/2008,Ballyhoura Fuels Ltd,2212.68,BF08-0005
5276,19/07/2008,Ballyhoura Fuels Ltd,2167.35,BF08-0007
5279,22/05/2009,Ballyhoura Fuels Ltd,1898.06,BF09-0002
5282,14/07/2009,Ballyhoura Fuels Ltd,3619.59,BF09-0005 BF09-0007
5284,15/09/2009,Ballyhoura Fuels Ltd,1000.97,BF09-0003
5288,17/11/2010,Ballyhoura Fuels Ltd,2143.44,BF10-0005
5291,23/01/2011,Ballyhoura Fuels Ltd,2323.63,BF10-0002
5293,24/04/2011,Ballyhoura Fuels Ltd,2304.24,BF11-0005
5298,21/11/2011,Ballyhoura Fuels Ltd,2297.29,BF11-0010
5301,24/12/2011,Ballyhoura Fuels Ltd,3267.17,BF11-0002 BF11-0008
5302,14/01/2012,Ballyhoura Fuels Ltd,1566.41,BF11-0004
5303,24/12/2007,Cork Hoof Care Services,1271.63,HF07-0004 HF07-0005
5306,15/11/2008,Cork Hoof Care Services,705.56,HF08-0005
5309,21/11/2011,Cork Hoof Care Services,1151.07,HF11-0001
5310,20/02/2006,Dairy Hygiene Supplies Ltd,816.97,DHS06-0004
5312,22/08/2006,Dairy Hygiene Supplies Ltd,1252.84,DHS06-0001 DHS06-0002
5315,20/10/2006,Dairy Hygiene Supplies Ltd,734.08,DHS06-0007
5318,16/02/2007,Dairy Hygiene Supplies Ltd,703.52,DHS07-0004
5321,15/12/2007,Dairy Hygiene Supplies Ltd,498.04,DHS07-0006
5324,24/02/2008,Dairy Hygiene Supplies Ltd,1175.75,DHS08-0001 DHS08-0003
5327,16/04/2008,Dairy Hygiene Supplies Ltd,356.33,DHS08-0005
5328,20/01/2009,Dairy Hygiene Supplies Ltd,703.56,DHS08-0008
5331,20/08/2010,Dairy Hygiene Supplies Ltd,410.96,DHS10-0013
5334,17/11/2010,Dairy Hygiene Supplies Ltd,693.35,DHS10-0005
5337,21/04/2011,Dairy Hygiene Supplies Ltd,377.54,DHS11-0002
5338,24/06/2011,Dairy Hygiene Supplies Ltd,732.90,DHS11-0013
5342,20/07/2012,Dairy Hygiene Supplies Ltd,735.45,DHS12-0006
5345,16/06/2006,Lyons Agri Contracting Ltd,9376.87,LAC06-0002 LAC06-0003 LAC06-0006
5347,21/08/2006,Lyons Agri Contracting Ltd,1938.09,LAC06-0001
5349,22/10/2006,Lyons Agri Contracting Ltd,4581.70,LAC06-0004
5350,14/09/2008,Lyons Agri Contracting Ltd,2610.49,LAC08-0001
5353,12/06/2009,Lyons Agri Contracting Ltd,7067.32,LAC09-0001 LAC09-0005
5355,21/10/2009,Lyons Agri Contracting Ltd,2187.08,LAC09-0002
5356,19/04/2010,Lyons Agri Contracting Ltd,2517.53,LAC10-0001
5359,17/09/2010,Lyons Agri Contracting Ltd,4645.17,LAC10-0005 LAC10-0006
5360,17/04/2011,Lyons Agri Contracting Ltd,6663.99,LAC11-0001 LAC11-0002
5361,16/06/2012,Lyons Agri Contracting Ltd,3298.79,LAC12-0005
5364,18/07/2012,Lyons Agri Contracting Ltd,3560.03,LAC12-0004
5367,21/11/2006,O'Brien Plant Hire Ltd,2894.49,OB06-0001
5370,17/08/2007,O'Brien Plant Hire Ltd,4287.19,OB07-0001 OB07-0003
5373,19/08/2008,O'Brien Plant Hire Ltd,2017.75,OB08-0006
5376,20/09/2008,O'Brien Plant Hire Ltd,3878.51,OB08-0001
5379,17/12/2008,O'Brien Plant Hire Ltd,4564.02,OB08-0003
5382,19/03/2009,O'Brien Plant Hire Ltd,3176.55,OB09-0002
5385,16/04/2009,O'Brien Plant Hire Ltd,2176.18,OB09-0003
5388,19/07/2011,O'Brien Plant Hire Ltd,4615.47,OB11-0004
5391,21/09/2011,O'Brien Plant Hire Ltd,2886.51,OB11-0002
5394,23/10/2011,O'Brien Plant Hire Ltd,3188.28,OB11-0001
5398,19/02/2006,Charleville Farm Parts & Tyres Ltd,660.56,CFP06-0018
5401,23/06/2006,Charleville Farm Parts & Tyres Ltd,650.81,CFP06-0023
5404,21/11/2006,Charleville Farm Parts & Tyres Ltd,1062.64,CFP06-0011 CFP06-0012
5406,18/01/2007,Charleville Farm Parts & Tyres Ltd,538.17,CFP06-0001
5409,19/02/2007,Charleville Farm Parts & Tyres Ltd,463.96,CFP07-0005
5412,19/03/2007,Charleville Farm Parts & Tyres Ltd,809.90,CFP07-0025 CFP07-0027
5414,21/05/2007,Charleville Farm Parts & Tyres Ltd,1217.52,CFP07-0015 CFP07-0028
5419,21/10/2007,Charleville Farm Parts & Tyres Ltd,1005.57,CFP07-0012 CFP07-0019
5422,24/02/2008,Charleville Farm Parts & Tyres Ltd,425.67,CFP08-0019
5424,23/03/2008,Charleville Farm Parts & Tyres Ltd,1242.77,CFP08-0010 CFP08-0016 CFP08-0024
5425,24/06/2008,Charleville Farm Parts & Tyres Ltd,936.58,CFP08-0014 CFP08-0032
5426,22/10/2008,Charleville Farm Parts & Tyres Ltd,350.30,CFP08-0003
5429,17/11/2008,Charleville Farm Parts & Tyres Ltd,497.23,CFP08-0025
5431,16/02/2009,Charleville Farm Parts & Tyres Ltd,1140.30,CFP09-0026 CFP09-0032
5432,17/07/2009,Charleville Farm Parts & Tyres Ltd,454.17,CFP09-0020
5435,19/01/2010,Charleville Farm Parts & Tyres Ltd,622.06,CFP09-0001
5436,15/02/2010,Charleville Farm Parts & Tyres Ltd,366.64,CFP10-0014
5438,26/04/2010,Charleville Farm Parts & Tyres Ltd,321.68,CFP10-0009
5439,24/05/2010,Charleville Farm Parts & Tyres Ltd,290.84,CFP10-0010
5440,20/09/2010,Charleville Farm Parts & Tyres Ltd,480.53,CFP10-0025
5441,18/10/2010,Charleville Farm Parts & Tyres Ltd,552.90,CFP10-0002
5444,20/12/2010,Charleville Farm Parts & Tyres Ltd,564.07,CFP10-0031
5445,16/01/2011,Charleville Farm Parts & Tyres Ltd,256.16,CFP10-0007
5449,15/05/2011,Charleville Farm Parts & Tyres Ltd,687.67,CFP11-0026
5451,19/12/2011,Charleville Farm Parts & Tyres Ltd,923.77,CFP11-0011 CFP11-0028
5454,19/03/2012,Charleville Farm Parts & Tyres Ltd,504.95,CFP12-0024
5455,18/05/2012,Charleville Farm Parts & Tyres Ltd,477.97,CFP12-0033
5457,25/06/2012,Charleville Farm Parts & Tyres Ltd,349.87,CFP12-0015
5458,17/10/2012,Charleville Farm Parts & Tyres Ltd,395.73,CFP12-0012
5460,17/11/2012,Charleville Farm Parts & Tyres Ltd,513.24,CFP12-0028
5461,21/12/2012,Charleville Farm Parts & Tyres Ltd,550.14,CFP12-0004
5463,18/07/2007,AgriWrap Plastics Ltd,1348.15,AW07-0001
5464,15/08/2007,AgriWrap Plastics Ltd,1454.37,AW07-0002
5465,20/06/2008,AgriWrap Plastics Ltd,1384.24,AW08-0002
5468,20/08/2009,AgriWrap Plastics Ltd,1044.55,AW09-0002
5472,22/10/2011,AgriWrap Plastics Ltd,1111.53,AW11-0002
5474,21/09/2012,AgriWrap Plastics Ltd,963.57,AW12-0003
5476,19/03/2006,Lisheen Veterinary Clinic,3271.02,LV06-0004 LV06-0010 LV06-0014 LV06-0019 LV06-0025
5479,16/05/2006,Lisheen Veterinary Clinic,1620.61,LV06-0002 LV06-0009 LV06-0027
5485,22/01/2007,Lisheen Veterinary Clinic,1489.83,LV06-0017 LV06-0028
5488,12/03/2007,Lisheen Veterinary Clinic,914.36,LV07-0019
5490,15/06/2007,Lisheen Veterinary Clinic,1480.19,LV07-0005 LV07-0015
5491,14/08/2007,Lisheen Veterinary Clinic,499.48,LV07-0017
5493,19/11/2007,Lisheen Veterinary Clinic,2030.54,LV07-0009 LV07-0011 LV07-0018
5495,22/03/2008,Lisheen Veterinary Clinic,1293.93,LV08-0027 LV08-0029
5496,18/05/2008,Lisheen Veterinary Clinic,1260.38,LV08-0007 LV08-0019
5499,21/07/2008,Lisheen Veterinary Clinic,3508.80,LV08-0010 LV08-0011 LV08-0014 LV08-0015 LV08-0016
5500,15/08/2008,Lisheen Veterinary Clinic,934.64,LV08-0008
5506,15/12/2008,Lisheen Veterinary Clinic,912.76,LV08-0030
5509,15/03/2009,Lisheen Veterinary Clinic,2230.05,LV09-0012 LV09-0018 LV09-0021
5512,23/06/2009,Lisheen Veterinary Clinic,1254.05,LV09-0002 LV09-0019
5514,19/10/2009,Lisheen Veterinary Clinic,738.87,LV09-0009
5515,16/11/2009,Lisheen Veterinary Clinic,693.29,LV09-0007
5518,17/12/2009,Lisheen Veterinary Clinic,422.83,LV09-0027
5520,12/02/2010,Lisheen Veterinary Clinic,1945.17,LV10-0010 LV10-0015 LV10-0030
5523,17/05/2010,Lisheen Veterinary Clinic,1465.29,LV10-0023 LV10-0024
5524,21/06/2010,Lisheen Veterinary Clinic,1034.95,LV10-0011 LV10-0019
5525,15/07/2010,Lisheen Veterinary Clinic,4081.14,LV10-0014 LV10-0018 LV10-0022 LV10-0026 LV10-0028
5527,14/09/2010,Lisheen Veterinary Clinic,604.84,LV10-0021
5530,18/11/2010,Lisheen Veterinary Clinic,1130.55,LV10-0001 LV10-0012
5531,22/12/2010,Lisheen Veterinary Clinic,1126.12,LV10-0004 LV10-0005
5532,20/03/2011,Lisheen Veterinary Clinic,2607.67,LV11-0011 LV11-0012 LV11-0021 LV11-0023
5535,22/04/2011,Lisheen Veterinary Clinic,3382.26,LV11-0004 LV11-0005 LV11-0017 LV11-0028
5537,21/06/2011,Lisheen Veterinary Clinic,1457.02,LV11-0024 LV11-0026
5543,16/11/2011,Lisheen Veterinary Clinic,1547.54,LV11-0009 LV11-0027
5545,13/12/2011,Lisheen Veterinary Clinic,1554.16,LV11-0008 LV11-0020 LV11-0031
5547,18/03/2012,Lisheen Veterinary Clinic,2268.39,LV12-0007 LV12-0016 LV12-0029
5550,16/04/2012,Lisheen Veterinary Clinic,918.62,LV12-0015 LV12-0032
5553,13/05/2012,Lisheen Veterinary Clinic,2309.69,LV12-0001 LV12-0003 LV12-0006 LV12-0014
5556,23/07/2012,Lisheen Veterinary Clinic,1763.15,LV12-0009 LV12-0026
5557,12/11/2012,Lisheen Veterinary Clinic,2022.50,LV12-0010 LV12-0022 LV12-0023
5560,17/12/2012,Lisheen Veterinary Clinic,1865.73,LV12-0005 LV12-0008 LV12-0013
