date,event,head,counterparty,reference,notes
15/01/2006,DEATH_ADULT,1,Munster Rendering Ltd,collected,fallen animal
20/01/2006,BIRTH,3,,,calves registered
27/01/2006,BIRTH,1,,,calves registered
03/02/2006,BIRTH,8,,,calves registered
10/02/2006,BIRTH,22,,,calves registered
17/02/2006,BIRTH,17,,,calves registered
24/02/2006,BIRTH,23,,,calves registered
02/03/2006,DEATH_ADULT,1,Munster Rendering Ltd,collected,fallen animal
03/03/2006,BIRTH,26,,,calves registered
08/03/2006,SALE_MART,18,Kilbeg Livestock Mart Ltd,LD-06-7211,calves
10/03/2006,BIRTH,27,,,calves registered
17/03/2006,BIRTH,19,,,calves registered
20/03/2006,SALE_MART,18,Kilbeg Livestock Mart Ltd,LD-06-3245,calves
24/03/2006,BIRTH,16,,,calves registered
28/03/2006,SALE_MART,17,Kilbeg Livestock Mart Ltd,LD-06-9901,calves
31/03/2006,BIRTH,13,,,calves registered
07/04/2006,BIRTH,5,,,calves registered
07/04/2006,SALE_MART,17,Kilbeg Livestock Mart Ltd,LD-06-3513,calves
14/04/2006,BIRTH,3,,,calves registered
21/04/2006,BIRTH,4,,,calves registered
24/04/2006,DEATH_ADULT,1,Munster Rendering Ltd,collected,fallen animal
24/04/2006,SALE_MART,17,Kilbeg Livestock Mart Ltd,LD-06-3590,calves
28/04/2006,BIRTH,5,,,calves registered
01/05/2006,SALE_MART,17,Kilbeg Livestock Mart Ltd,LD-06-2783,calves
05/05/2006,BIRTH,2,,,calves registered
09/05/2006,SALE_MART,17,Kilbeg Livestock Mart Ltd,LD-06-6927,calves
17/05/2006,SALE_MART,17,Kilbeg Livestock Mart Ltd,LD-06-1583,calves
19/05/2006,BIRTH,2,,,calves registered
31/05/2006,DEATH_CALF,9,,,calf mortality to 31 May
11/07/2006,DEATH_ADULT,1,Munster Rendering Ltd,collected,fallen animal
14/08/2006,SALE_MART,7,Kilbeg Livestock Mart Ltd,LD-06-7930,cull cows
11/09/2006,SALE_FACTORY,8,Southern Meats Ltd,SM-06-7555,cull cows
21/09/2006,SALE_MART,8,Kilbeg Livestock Mart Ltd,LD-06-9059,cull cows
16/10/2006,SALE_MART,7,Kilbeg Livestock Mart Ltd,LD-06-6790,cull cows
03/11/2006,SALE_MART,7,Kilbeg Livestock Mart Ltd,LD-06-5225,cull cows
22/11/2006,DEATH_ADULT,1,Munster Rendering Ltd,collected,fallen animal
31/12/2006,YEAR_END_COUNT,205,,,milking cows; replacement heifers 90; calves under 1yr 49
27/01/2007,BIRTH,2,,,calves registered
03/02/2007,BIRTH,9,,,calves registered
10/02/2007,BIRTH,5,,,calves registered
17/02/2007,BIRTH,21,,,calves registered
24/02/2007,BIRTH,17,,,calves registered
03/03/2007,BIRTH,26,,,calves registered
10/03/2007,BIRTH,25,,,calves registered
12/03/2007,SALE_MART,28,Kilbeg Livestock Mart Ltd,LD-07-3577,calves
17/03/2007,BIRTH,24,,,calves registered
24/03/2007,BIRTH,24,,,calves registered
27/03/2007,SALE_MART,27,Kilbeg Livestock Mart Ltd,LD-07-9247,calves
31/03/2007,BIRTH,14,,,calves registered
07/04/2007,BIRTH,10,,,calves registered
09/04/2007,DEATH_ADULT,1,Munster Rendering Ltd,collected,fallen animal
12/04/2007,SALE_MART,27,Kilbeg Livestock Mart Ltd,LD-07-1517,calves
14/04/2007,BIRTH,5,,,calves registered
21/04/2007,BIRTH,8,,,calves registered
27/04/2007,SALE_MART,27,Kilbeg Livestock Mart Ltd,LD-07-5892,calves
28/04/2007,BIRTH,5,,,calves registered
12/05/2007,BIRTH,1,,,calves registered
15/05/2007,SALE_MART,27,Kilbeg Livestock Mart Ltd,LD-07-6088,calves
19/05/2007,BIRTH,2,,,calves registered
28/05/2007,DEATH_ADULT,1,Munster Rendering Ltd,collected,fallen animal
31/05/2007,DEATH_CALF,11,,,calf mortality to 31 May
03/07/2007,SALE_FACTORY,13,Southern Meats Ltd,SM-07-9170,cull cows
16/07/2007,SALE_FACTORY,12,Southern Meats Ltd,SM-07-1141,cull cows
05/11/2007,SALE_MART,12,Kilbeg Livestock Mart Ltd,LD-07-4585,cull cows
14/11/2007,DEATH_ADULT,1,Munster Rendering Ltd,collected,fallen animal
31/12/2007,YEAR_END_COUNT,208,,,milking cows; replacement heifers 92; calves under 1yr 51
20/01/2008,BIRTH,1,,,calves registered
27/01/2008,BIRTH,3,,,calves registered
03/02/2008,BIRTH,6,,,calves registered
10/02/2008,BIRTH,9,,,calves registered
17/02/2008,BIRTH,15,,,calves registered
24/02/2008,BIRTH,25,,,calves registered
02/03/2008,BIRTH,19,,,calves registered
09/03/2008,BIRTH,25,,,calves registered
10/03/2008,SALE_MART,17,Kilbeg Livestock Mart Ltd,LD-08-9349,calves
16/03/2008,BIRTH,28,,,calves registered
19/03/2008,SALE_MART,17,Kilbeg Livestock Mart Ltd,LD-08-6936,calves
23/03/2008,BIRTH,21,,,calves registered
30/03/2008,BIRTH,3,,,calves registered
01/04/2008,SALE_MART,16,Kilbeg Livestock Mart Ltd,LD-08-1522,calves
06/04/2008,BIRTH,9,,,calves registered
13/04/2008,BIRTH,9,,,calves registered
14/04/2008,SALE_MART,16,Kilbeg Livestock Mart Ltd,LD-08-9205,calves
15/04/2008,ASSET_TRADE_IN,1,Munster Tractors Ltd,,"old tractor traded in at EUR 18,000"
18/04/2008,DEATH_ADULT,1,Munster Rendering Ltd,collected,fallen animal
20/04/2008,BIRTH,7,,,calves registered
21/04/2008,SALE_MART,16,Kilbeg Livestock Mart Ltd,LD-08-3516,calves
27/04/2008,BIRTH,5,,,calves registered
02/05/2008,SALE_MART,16,Kilbeg Livestock Mart Ltd,LD-08-4728,calves
04/05/2008,BIRTH,4,,,calves registered
07/05/2008,SALE_MART,16,Kilbeg Livestock Mart Ltd,LD-08-6011,calves
18/05/2008,BIRTH,3,,,calves registered
20/05/2008,SALE_MART,16,Kilbeg Livestock Mart Ltd,LD-08-9969,calves
31/05/2008,DEATH_CALF,10,,,calf mortality to 31 May
11/07/2008,DEATH_ADULT,1,Munster Rendering Ltd,collected,fallen animal
21/07/2008,SALE_MART,10,Kilbeg Livestock Mart Ltd,LD-08-1564,cull cows
20/08/2008,DEATH_ADULT,1,Munster Rendering Ltd,collected,fallen animal
12/11/2008,SALE_MART,10,Kilbeg Livestock Mart Ltd,LD-08-2755,cull cows
14/11/2008,SALE_MART,9,Kilbeg Livestock Mart Ltd,LD-08-9830,cull cows
20/11/2008,SALE_MART,9,Kilbeg Livestock Mart Ltd,LD-08-6321,cull cows
26/12/2008,DEATH_ADULT,1,Munster Rendering Ltd,collected,fallen animal
31/12/2008,YEAR_END_COUNT,212,,,milking cows; replacement heifers 94; calves under 1yr 52
26/01/2009,DEATH_ADULT,1,Munster Rendering Ltd,collected,fallen animal
27/01/2009,BIRTH,3,,,calves registered
03/02/2009,BIRTH,10,,,calves registered
10/02/2009,BIRTH,9,,,calves registered
17/02/2009,BIRTH,22,,,calves registered
24/02/2009,BIRTH,14,,,calves registered
27/02/2009,DEATH_ADULT,1,Munster Rendering Ltd,collected,fallen animal
03/03/2009,BIRTH,26,,,calves registered
09/03/2009,SALE_MART,20,Kilbeg Livestock Mart Ltd,LD-09-3717,calves
10/03/2009,BIRTH,15,,,calves registered
17/03/2009,BIRTH,19,,,calves registered
24/03/2009,BIRTH,19,,,calves registered
25/03/2009,SALE_MART,20,Kilbeg Livestock Mart Ltd,LD-09-5320,calves
27/03/2009,DEATH_ADULT,1,Munster Rendering Ltd,collected,fallen animal
31/03/2009,BIRTH,12,,,calves registered
06/04/2009,SALE_MART,20,Kilbeg Livestock Mart Ltd,LD-09-3943,calves
07/04/2009,BIRTH,12,,,calves registered
07/04/2009,MOVE_OFF_NO_DOCKET,12,"R. Foley (dealer, private yard)",,"calves moved off; no mart docket, no invoice, no bank receipt"
14/04/2009,BIRTH,11,,,calves registered
17/04/2009,SALE_MART,19,Kilbeg Livestock Mart Ltd,LD-09-2724,calves
21/04/2009,BIRTH,10,,,calves registered
27/04/2009,SALE_MART,19,Kilbeg Livestock Mart Ltd,LD-09-3765,calves
28/04/2009,BIRTH,4,,,calves registered
04/05/2009,SALE_MART,19,Kilbeg Livestock Mart Ltd,LD-09-9455,calves
05/05/2009,BIRTH,2,,,calves registered
12/05/2009,BIRTH,4,,,calves registered
18/05/2009,DEATH_ADULT,1,Munster Rendering Ltd,collected,fallen animal
19/05/2009,BIRTH,3,,,calves registered
21/05/2009,SALE_MART,19,Kilbeg Livestock Mart Ltd,LD-09-6103,calves
31/05/2009,DEATH_CALF,12,,,calf mortality to 31 May
27/06/2009,DEATH_ADULT,1,Munster Rendering Ltd,collected,fallen animal
06/07/2009,DEATH_ADULT,1,Munster Rendering Ltd,collected,fallen animal
08/07/2009,SALE_MART,7,Kilbeg Livestock Mart Ltd,LD-09-4286,cull cows
22/07/2009,SALE_MART,8,Kilbeg Livestock Mart Ltd,LD-09-6750,cull cows
11/08/2009,SALE_FACTORY,8,Southern Meats Ltd,SM-09-4544,cull cows
11/08/2009,SALE_MART,8,Kilbeg Livestock Mart Ltd,LD-09-7075,cull cows
24/08/2009,DEATH_ADULT,1,Munster Rendering Ltd,collected,fallen animal
14/09/2009,MOVE_OFF_NO_DOCKET,2,"R. Foley (dealer, private yard)",,"cull cows moved off; no docket, no bank receipt"
01/10/2009,DEATH_ADULT,1,Munster Rendering Ltd,collected,fallen animal
19/10/2009,SALE_MART,8,Kilbeg Livestock Mart Ltd,LD-09-6204,cull cows
05/11/2009,DEATH_ADULT,1,Munster Rendering Ltd,collected,fallen animal
31/12/2009,YEAR_END_COUNT,216,,,milking cows; replacement heifers 90; calves under 1yr 47
20/01/2010,BIRTH,2,,,calves registered
27/01/2010,BIRTH,3,,,calves registered
03/02/2010,BIRTH,7,,,calves registered
10/02/2010,BIRTH,7,,,calves registered
17/02/2010,BIRTH,13,,,calves registered
24/02/2010,BIRTH,25,,,calves registered
03/03/2010,BIRTH,21,,,calves registered
09/03/2010,SALE_MART,21,Kilbeg Livestock Mart Ltd,LD-10-5300,calves
10/03/2010,BIRTH,26,,,calves registered
17/03/2010,BIRTH,27,,,calves registered
24/03/2010,BIRTH,19,,,calves registered
24/03/2010,MOVE_OFF_NO_DOCKET,14,"R. Foley (dealer, private yard)",,"calves moved off; no mart docket, no invoice, no bank receipt"
24/03/2010,SALE_MART,20,Kilbeg Livestock Mart Ltd,LD-10-8175,calves
31/03/2010,BIRTH,15,,,calves registered
02/04/2010,SALE_MART,20,Kilbeg Livestock Mart Ltd,LD-10-2128,calves
07/04/2010,BIRTH,8,,,calves registered
14/04/2010,BIRTH,5,,,calves registered
14/04/2010,SALE_MART,20,Kilbeg Livestock Mart Ltd,LD-10-6821,calves
21/04/2010,BIRTH,8,,,calves registered
23/04/2010,SALE_MART,20,Kilbeg Livestock Mart Ltd,LD-10-3049,calves
28/04/2010,BIRTH,6,,,calves registered
04/05/2010,SALE_MART,20,Kilbeg Livestock Mart Ltd,LD-10-5677,calves
05/05/2010,BIRTH,3,,,calves registered
12/05/2010,BIRTH,3,,,calves registered
17/05/2010,SALE_MART,20,Kilbeg Livestock Mart Ltd,LD-10-9572,calves
19/05/2010,BIRTH,2,,,calves registered
31/05/2010,DEATH_CALF,7,,,calf mortality to 31 May
15/06/2010,DEATH_ADULT,1,Munster Rendering Ltd,collected,fallen animal
12/07/2010,SALE_FACTORY,8,Southern Meats Ltd,SM-10-8135,cull cows
19/07/2010,SALE_MART,8,Kilbeg Livestock Mart Ltd,LD-10-9992,cull cows
10/08/2010,DEATH_ADULT,1,Munster Rendering Ltd,collected,fallen animal
23/08/2010,SALE_FACTORY,8,Southern Meats Ltd,SM-10-6776,cull cows
11/10/2010,SALE_FACTORY,8,Southern Meats Ltd,SM-10-1548,cull cows
11/10/2010,SALE_MART,8,Kilbeg Livestock Mart Ltd,LD-10-9736,cull cows
16/10/2010,DEATH_ADULT,1,Munster Rendering Ltd,collected,fallen animal
02/11/2010,MOVE_OFF_NO_DOCKET,3,"R. Foley (dealer, private yard)",,"cull cows moved off; no docket, no bank receipt"
20/11/2010,DEATH_ADULT,1,Munster Rendering Ltd,collected,fallen animal
31/12/2010,YEAR_END_COUNT,220,,,milking cows; replacement heifers 96; calves under 1yr 52
11/01/2011,DEATH_ADULT,1,Munster Rendering Ltd,collected,fallen animal
20/01/2011,BIRTH,1,,,calves registered
27/01/2011,BIRTH,3,,,calves registered
03/02/2011,BIRTH,10,,,calves registered
10/02/2011,BIRTH,14,,,calves registered
17/02/2011,BIRTH,24,,,calves registered
24/02/2011,BIRTH,26,,,calves registered
25/02/2011,DEATH_ADULT,1,Munster Rendering Ltd,collected,fallen animal
03/03/2011,BIRTH,20,,,calves registered
10/03/2011,BIRTH,23,,,calves registered
14/03/2011,SALE_MART,23,Kilbeg Livestock Mart Ltd,LD-11-9365,calves
17/03/2011,BIRTH,15,,,calves registered
24/03/2011,BIRTH,21,,,calves registered
28/03/2011,SALE_MART,23,Kilbeg Livestock Mart Ltd,LD-11-1409,calves
31/03/2011,BIRTH,13,,,calves registered
04/04/2011,DEATH_ADULT,1,Munster Rendering Ltd,collected,fallen animal
04/04/2011,SALE_MART,23,Kilbeg Livestock Mart Ltd,LD-11-1843,calves
07/04/2011,BIRTH,5,,,calves registered
12/04/2011,TB_REACTOR_REMOVAL,9,DAFF,TB11,herd restricted; compensation paid May
14/04/2011,BIRTH,11,,,calves registered
18/04/2011,MOVE_OFF_NO_DOCKET,10,"R. Foley (dealer, private yard)",,"calves moved off; no mart docket, no invoice, no bank receipt"
19/04/2011,SALE_MART,23,Kilbeg Livestock Mart Ltd,LD-11-7174,calves
21/04/2011,BIRTH,5,,,calves registered
28/04/2011,BIRTH,4,,,calves registered
02/05/2011,SALE_MART,23,Kilbeg Livestock Mart Ltd,LD-11-2922,calves
03/05/2011,DEATH_ADULT,1,Munster Rendering Ltd,collected,fallen animal
05/05/2011,BIRTH,2,,,calves registered
12/05/2011,BIRTH,1,,,calves registered
16/05/2011,SALE_MART,22,Kilbeg Livestock Mart Ltd,LD-11-7167,calves
19/05/2011,BIRTH,1,,,calves registered
31/05/2011,DEATH_CALF,11,,,calf mortality to 31 May
07/07/2011,SALE_FACTORY,10,Southern Meats Ltd,SM-11-9682,cull cows
22/08/2011,SALE_FACTORY,9,Southern Meats Ltd,SM-11-7972,cull cows
05/09/2011,SALE_FACTORY,10,Southern Meats Ltd,SM-11-1453,cull cows
13/09/2011,DEATH_ADULT,1,Munster Rendering Ltd,collected,fallen animal
17/11/2011,DEATH_ADULT,1,Munster Rendering Ltd,collected,fallen animal
21/11/2011,MOVE_OFF_NO_DOCKET,4,"R. Foley (dealer, private yard)",,"cull cows moved off; no docket, no bank receipt"
22/11/2011,SALE_MART,10,Kilbeg Livestock Mart Ltd,LD-11-5684,cull cows
02/12/2011,DEATH_ADULT,1,Munster Rendering Ltd,collected,fallen animal
31/12/2011,YEAR_END_COUNT,218,,,milking cows; replacement heifers 94; calves under 1yr 51
07/01/2012,DEATH_ADULT,1,Munster Rendering Ltd,collected,fallen animal
20/01/2012,BIRTH,2,,,calves registered
27/01/2012,BIRTH,2,,,calves registered
03/02/2012,BIRTH,4,,,calves registered
10/02/2012,BIRTH,12,,,calves registered
15/02/2012,DEATH_ADULT,1,Munster Rendering Ltd,collected,fallen animal
17/02/2012,BIRTH,22,,,calves registered
24/02/2012,BIRTH,20,,,calves registered
02/03/2012,BIRTH,20,,,calves registered
09/03/2012,BIRTH,28,,,calves registered
12/03/2012,SALE_MART,19,Kilbeg Livestock Mart Ltd,LD-12-1734,calves
16/03/2012,BIRTH,27,,,calves registered
23/03/2012,BIRTH,22,,,calves registered
26/03/2012,SALE_MART,19,Kilbeg Livestock Mart Ltd,LD-12-9512,calves
30/03/2012,BIRTH,12,,,calves registered
03/04/2012,SALE_MART,19,Kilbeg Livestock Mart Ltd,LD-12-7453,calves
06/04/2012,BIRTH,13,,,calves registered
11/04/2012,SALE_MART,18,Kilbeg Livestock Mart Ltd,LD-12-5761,calves
13/04/2012,BIRTH,13,,,calves registered
20/04/2012,BIRTH,3,,,calves registered
23/04/2012,MOVE_OFF_NO_DOCKET,16,"R. Foley (dealer, private yard)",,"calves moved off; no mart docket, no invoice, no bank receipt"
23/04/2012,SALE_MART,18,Kilbeg Livestock Mart Ltd,LD-12-6661,calves
27/04/2012,BIRTH,7,,,calves registered
30/04/2012,SALE_MART,18,Kilbeg Livestock Mart Ltd,LD-12-1369,calves
04/05/2012,BIRTH,2,,,calves registered
11/05/2012,BIRTH,2,,,calves registered
14/05/2012,SALE_MART,18,Kilbeg Livestock Mart Ltd,LD-12-2357,calves
18/05/2012,BIRTH,2,,,calves registered
23/05/2012,SALE_MART,18,Kilbeg Livestock Mart Ltd,LD-12-5400,calves
31/05/2012,DEATH_CALF,10,,,calf mortality to 31 May
02/07/2012,SALE_MART,7,Kilbeg Livestock Mart Ltd,LD-12-1792,cull cows
20/08/2012,SALE_FACTORY,7,Southern Meats Ltd,SM-12-7891,cull cows
17/09/2012,SALE_FACTORY,7,Southern Meats Ltd,SM-12-6617,cull cows
19/09/2012,SALE_MART,6,Kilbeg Livestock Mart Ltd,LD-12-1630,cull cows
25/09/2012,DEATH_ADULT,1,Munster Rendering Ltd,collected,fallen animal
15/10/2012,SALE_MART,12,Kilbeg Livestock Mart Ltd,LD-12-6990,in-calf heifers
18/10/2012,MOVE_OFF_NO_DOCKET,3,"R. Foley (dealer, private yard)",,"cull cows moved off; no docket, no bank receipt"
22/10/2012,SALE_MART,7,Kilbeg Livestock Mart Ltd,LD-12-1753,cull cows
23/10/2012,SALE_FACTORY,7,Southern Meats Ltd,SM-12-7112,cull cows
06/11/2012,DEATH_ADULT,1,Munster Rendering Ltd,collected,fallen animal
31/12/2012,YEAR_END_COUNT,226,,,milking cows; replacement heifers 101; calves under 1yr 56
20/01/2013,BIRTH,3,,,calves registered
27/01/2013,BIRTH,6,,,calves registered
28/01/2013,DEATH_ADULT,1,Munster Rendering Ltd,collected,fallen animal
03/02/2013,BIRTH,6,,,calves registered
10/02/2013,BIRTH,10,,,calves registered
17/02/2013,BIRTH,22,,,calves registered
24/02/2013,BIRTH,21,,,calves registered
03/03/2013,BIRTH,34,,,calves registered
10/03/2013,BIRTH,26,,,calves registered
11/03/2013,MOVE_OFF_NO_DOCKET,18,"R. Foley (dealer, private yard)",,"calves moved off; no mart docket, no invoice, no bank receipt"
11/03/2013,SALE_MART,21,Kilbeg Livestock Mart Ltd,LD-13-4292,calves
17/03/2013,BIRTH,15,,,calves registered
24/03/2013,BIRTH,11,,,calves registered
26/03/2013,SALE_MART,21,Kilbeg Livestock Mart Ltd,LD-13-1968,calves
27/03/2013,DEATH_ADULT,1,Munster Rendering Ltd,collected,fallen animal
31/03/2013,BIRTH,20,,,calves registered
03/04/2013,SALE_MART,21,Kilbeg Livestock Mart Ltd,LD-13-3006,calves
07/04/2013,BIRTH,14,,,calves registered
14/04/2013,BIRTH,9,,,calves registered
21/04/2013,BIRTH,5,,,calves registered
22/04/2013,SALE_MART,21,Kilbeg Livestock Mart Ltd,LD-13-2901,calves
28/04/2013,BIRTH,2,,,calves registered
03/05/2013,SALE_MART,21,Kilbeg Livestock Mart Ltd,LD-13-2320,calves
14/05/2013,SALE_MART,20,Kilbeg Livestock Mart Ltd,LD-13-1285,calves
31/05/2013,DEATH_CALF,7,,,calf mortality to 31 May
15/07/2013,SALE_FACTORY,10,Southern Meats Ltd,SM-13-4083,cull cows
06/08/2013,DEATH_ADULT,1,Munster Rendering Ltd,collected,fallen animal
13/09/2013,SALE_FACTORY,10,Southern Meats Ltd,SM-13-6437,cull cows
20/09/2013,DEATH_ADULT,1,Munster Rendering Ltd,collected,fallen animal
14/10/2013,MOVE_OFF_NO_DOCKET,4,"R. Foley (dealer, private yard)",,"cull cows moved off; no docket, no bank receipt"
25/10/2013,SALE_MART,10,Kilbeg Livestock Mart Ltd,LD-13-9853,cull cows
04/11/2013,SALE_FACTORY,10,Southern Meats Ltd,SM-13-5597,cull cows
08/11/2013,DEATH_ADULT,1,Munster Rendering Ltd,collected,fallen animal
11/11/2013,SALE_FACTORY,9,Southern Meats Ltd,SM-13-2591,cull cows
04/12/2013,DEATH_ADULT,1,Munster Rendering Ltd,collected,fallen animal
31/12/2013,YEAR_END_COUNT,224,,,milking cows; replacement heifers 116; calves under 1yr 72
06/01/2014,DEATH_ADULT,1,Munster Rendering Ltd,collected,fallen animal
20/01/2014,BIRTH,3,,,calves registered
27/01/2014,BIRTH,5,,,calves registered
03/02/2014,BIRTH,8,,,calves registered
05/02/2014,DEATH_ADULT,1,Munster Rendering Ltd,collected,fallen animal
10/02/2014,BIRTH,13,,,calves registered
17/02/2014,BIRTH,14,,,calves registered
24/02/2014,BIRTH,27,,,calves registered
03/03/2014,BIRTH,27,,,calves registered
10/03/2014,BIRTH,28,,,calves registered
14/03/2014,SALE_MART,16,Kilbeg Livestock Mart Ltd,LD-14-1462,calves
17/03/2014,BIRTH,32,,,calves registered
24/03/2014,BIRTH,16,,,calves registered
24/03/2014,SALE_MART,16,Kilbeg Livestock Mart Ltd,LD-14-7043,calves
31/03/2014,BIRTH,10,,,calves registered
02/04/2014,SALE_MART,16,Kilbeg Livestock Mart Ltd,LD-14-2711,calves
07/04/2014,BIRTH,10,,,calves registered
08/04/2014,SALE_MART,16,Kilbeg Livestock Mart Ltd,LD-14-9043,calves
14/04/2014,BIRTH,10,,,calves registered
21/04/2014,BIRTH,2,,,calves registered
22/04/2014,SALE_MART,16,Kilbeg Livestock Mart Ltd,LD-14-1881,calves
02/05/2014,SALE_MART,16,Kilbeg Livestock Mart Ltd,LD-14-6361,calves
04/05/2014,DEATH_ADULT,1,Munster Rendering Ltd,collected,fallen animal
05/05/2014,BIRTH,1,,,calves registered
12/05/2014,BIRTH,4,,,calves registered
12/05/2014,SALE_MART,16,Kilbeg Livestock Mart Ltd,LD-14-5083,calves
19/05/2014,BIRTH,6,,,calves registered
22/05/2014,SALE_MART,15,Kilbeg Livestock Mart Ltd,LD-14-7615,calves
31/05/2014,DEATH_CALF,7,,,calf mortality to 31 May
10/07/2014,SALE_MART,11,Kilbeg Livestock Mart Ltd,LD-14-6010,cull cows
18/07/2014,SALE_FACTORY,11,Southern Meats Ltd,SM-14-2897,cull cows
21/07/2014,DEATH_ADULT,1,Munster Rendering Ltd,collected,fallen animal
23/07/2014,SALE_FACTORY,10,Southern Meats Ltd,SM-14-8683,cull cows
01/10/2014,SALE_MART,10,Kilbeg Livestock Mart Ltd,LD-14-9765,cull cows
01/12/2014,DEATH_ADULT,1,Munster Rendering Ltd,collected,fallen animal
31/12/2014,YEAR_END_COUNT,236,,,milking cows; replacement heifers 129; calves under 1yr 82
08/01/2015,DEATH_ADULT,1,Munster Rendering Ltd,collected,fallen animal
20/01/2015,BIRTH,3,,,calves registered
27/01/2015,BIRTH,5,,,calves registered
28/01/2015,PURCHASE,15,Kilbeg Livestock Mart Ltd,LD-15-1241,in-calf cows
03/02/2015,BIRTH,15,,,calves registered
10/02/2015,BIRTH,11,,,calves registered
17/02/2015,BIRTH,18,,,calves registered
24/02/2015,BIRTH,26,,,calves registered
03/03/2015,BIRTH,22,,,calves registered
09/03/2015,SALE_MART,29,Kilbeg Livestock Mart Ltd,LD-15-4107,calves
10/03/2015,BIRTH,29,,,calves registered
17/03/2015,BIRTH,26,,,calves registered
24/03/2015,BIRTH,21,,,calves registered
30/03/2015,SALE_MART,28,Kilbeg Livestock Mart Ltd,LD-15-5487,calves
31/03/2015,BIRTH,17,,,calves registered
07/04/2015,BIRTH,8,,,calves registered
13/04/2015,SALE_MART,28,Kilbeg Livestock Mart Ltd,LD-15-8004,calves
14/04/2015,BIRTH,17,,,calves registered
21/04/2015,BIRTH,5,,,calves registered
28/04/2015,BIRTH,4,,,calves registered
30/04/2015,SALE_MART,28,Kilbeg Livestock Mart Ltd,LD-15-2839,calves
05/05/2015,BIRTH,2,,,calves registered
12/05/2015,BIRTH,2,,,calves registered
18/05/2015,SALE_MART,28,Kilbeg Livestock Mart Ltd,LD-15-2116,calves
19/05/2015,BIRTH,2,,,calves registered
31/05/2015,DEATH_CALF,7,,,calf mortality to 31 May
07/07/2015,SALE_MART,9,Kilbeg Livestock Mart Ltd,LD-15-6960,cull cows
20/07/2015,SALE_MART,9,Kilbeg Livestock Mart Ltd,LD-15-4375,cull cows
06/08/2015,SALE_FACTORY,9,Southern Meats Ltd,SM-15-2500,cull cows
07/08/2015,SALE_FACTORY,9,Southern Meats Ltd,SM-15-3699,cull cows
16/08/2015,DEATH_ADULT,1,Munster Rendering Ltd,collected,fallen animal
19/10/2015,SALE_FACTORY,9,Southern Meats Ltd,SM-15-8792,cull cows
15/12/2015,DEATH_ADULT,1,Munster Rendering Ltd,collected,fallen animal
31/12/2015,YEAR_END_COUNT,252,,,milking cows; replacement heifers 135; calves under 1yr 85
13/01/2016,DEATH_ADULT,1,Munster Rendering Ltd,collected,fallen animal
20/01/2016,BIRTH,4,,,calves registered
27/01/2016,BIRTH,7,,,calves registered
28/01/2016,PURCHASE,25,Kilbeg Livestock Mart Ltd,LD-16-5004,in-calf cows
02/02/2016,DEATH_ADULT,1,Munster Rendering Ltd,collected,fallen animal
03/02/2016,BIRTH,12,,,calves registered
10/02/2016,BIRTH,14,,,calves registered
17/02/2016,BIRTH,20,,,calves registered
24/02/2016,BIRTH,26,,,calves registered
02/03/2016,BIRTH,25,,,calves registered
09/03/2016,BIRTH,32,,,calves registered
11/03/2016,SALE_MART,27,Kilbeg Livestock Mart Ltd,LD-16-7710,calves
16/03/2016,BIRTH,32,,,calves registered
21/03/2016,DEATH_ADULT,1,Munster Rendering Ltd,collected,fallen animal
23/03/2016,BIRTH,28,,,calves registered
23/03/2016,SALE_MART,27,Kilbeg Livestock Mart Ltd,LD-16-8229,calves
30/03/2016,BIRTH,14,,,calves registered
04/04/2016,SALE_MART,27,Kilbeg Livestock Mart Ltd,LD-16-4257,calves
06/04/2016,BIRTH,12,,,calves registered
13/04/2016,BIRTH,10,,,calves registered
18/04/2016,SALE_MART,27,Kilbeg Livestock Mart Ltd,LD-16-2439,calves
20/04/2016,BIRTH,10,,,calves registered
27/04/2016,BIRTH,2,,,calves registered
03/05/2016,DEATH_ADULT,1,Munster Rendering Ltd,collected,fallen animal
04/05/2016,BIRTH,2,,,calves registered
04/05/2016,SALE_MART,27,Kilbeg Livestock Mart Ltd,LD-16-7803,calves
11/05/2016,BIRTH,1,,,calves registered
18/05/2016,BIRTH,1,,,calves registered
19/05/2016,SALE_MART,27,Kilbeg Livestock Mart Ltd,LD-16-6100,calves
31/05/2016,DEATH_CALF,13,,,calf mortality to 31 May
05/08/2016,SALE_FACTORY,12,Southern Meats Ltd,SM-16-4850,cull cows
19/08/2016,DEATH_ADULT,1,Munster Rendering Ltd,collected,fallen animal
12/09/2016,SALE_MART,13,Kilbeg Livestock Mart Ltd,LD-16-2795,cull cows
13/09/2016,DEATH_ADULT,1,Munster Rendering Ltd,collected,fallen animal
17/10/2016,SALE_FACTORY,12,Southern Meats Ltd,SM-16-3761,cull cows
15/11/2016,SALE_MART,12,Kilbeg Livestock Mart Ltd,LD-16-3089,cull cows
17/11/2016,DEATH_ADULT,1,Munster Rendering Ltd,collected,fallen animal
31/12/2016,YEAR_END_COUNT,272,,,milking cows; replacement heifers 131; calves under 1yr 77
20/01/2017,BIRTH,3,,,calves registered
20/01/2017,DEATH_ADULT,1,Munster Rendering Ltd,collected,fallen animal
27/01/2017,BIRTH,6,,,calves registered
30/01/2017,PURCHASE,20,Kilbeg Livestock Mart Ltd,LD-17-6587,in-calf cows
03/02/2017,BIRTH,13,,,calves registered
10/02/2017,BIRTH,19,,,calves registered
17/02/2017,BIRTH,20,,,calves registered
24/02/2017,BIRTH,33,,,calves registered
03/03/2017,BIRTH,39,,,calves registered
08/03/2017,MOVE_OFF_NO_DOCKET,9,"R. Foley (dealer, private yard)",,"calves moved off; no mart docket, no invoice, no bank receipt"
10/03/2017,BIRTH,33,,,calves registered
14/03/2017,SALE_MART,25,Kilbeg Livestock Mart Ltd,LD-17-1794,calves
17/03/2017,BIRTH,31,,,calves registered
18/03/2017,DEATH_ADULT,1,Munster Rendering Ltd,collected,fallen animal
20/03/2017,SALE_MART,25,Kilbeg Livestock Mart Ltd,LD-17-3292,calves
24/03/2017,BIRTH,15,,,calves registered
30/03/2017,SALE_MART,24,Kilbeg Livestock Mart Ltd,LD-17-5760,calves
31/03/2017,BIRTH,16,,,calves registered
07/04/2017,BIRTH,11,,,calves registered
10/04/2017,SALE_MART,24,Kilbeg Livestock Mart Ltd,LD-17-9587,calves
14/04/2017,BIRTH,12,,,calves registered
21/04/2017,BIRTH,10,,,calves registered
21/04/2017,SALE_MART,24,Kilbeg Livestock Mart Ltd,LD-17-2206,calves
23/04/2017,DEATH_ADULT,1,Munster Rendering Ltd,collected,fallen animal
28/04/2017,BIRTH,4,,,calves registered
01/05/2017,SALE_MART,24,Kilbeg Livestock Mart Ltd,LD-17-8789,calves
05/05/2017,BIRTH,1,,,calves registered
10/05/2017,DEATH_ADULT,1,Munster Rendering Ltd,collected,fallen animal
12/05/2017,BIRTH,4,,,calves registered
12/05/2017,SALE_MART,24,Kilbeg Livestock Mart Ltd,LD-17-8636,calves
19/05/2017,BIRTH,3,,,calves registered
22/05/2017,SALE_MART,24,Kilbeg Livestock Mart Ltd,LD-17-2106,calves
31/05/2017,DEATH_CALF,15,,,calf mortality to 31 May
26/07/2017,DEATH_ADULT,1,Munster Rendering Ltd,collected,fallen animal
15/09/2017,DEATH_ADULT,1,Munster Rendering Ltd,collected,fallen animal
25/09/2017,SALE_MART,17,Kilbeg Livestock Mart Ltd,LD-17-9283,cull cows
19/10/2017,DEATH_ADULT,1,Munster Rendering Ltd,collected,fallen animal
23/10/2017,SALE_MART,17,Kilbeg Livestock Mart Ltd,LD-17-8201,cull cows
24/10/2017,SALE_FACTORY,18,Southern Meats Ltd,SM-17-8013,cull cows
13/12/2017,DEATH_ADULT,1,Munster Rendering Ltd,collected,fallen animal
31/12/2017,YEAR_END_COUNT,288,,,milking cows; replacement heifers 121; calves under 1yr 64
26/01/2018,DEATH_ADULT,1,Munster Rendering Ltd,collected,fallen animal
27/01/2018,BIRTH,2,,,calves registered
03/02/2018,BIRTH,11,,,calves registered
10/02/2018,BIRTH,8,,,calves registered
17/02/2018,BIRTH,23,,,calves registered
24/02/2018,BIRTH,32,,,calves registered
03/03/2018,BIRTH,32,,,calves registered
10/03/2018,BIRTH,35,,,calves registered
13/03/2018,DEATH_ADULT,1,Munster Rendering Ltd,collected,fallen animal
14/03/2018,SALE_MART,33,Kilbeg Livestock Mart Ltd,LD-18-1733,calves
17/03/2018,BIRTH,32,,,calves registered
24/03/2018,BIRTH,30,,,calves registered
26/03/2018,SALE_MART,32,Kilbeg Livestock Mart Ltd,LD-18-7405,calves
31/03/2018,BIRTH,14,,,calves registered
05/04/2018,DEATH_ADULT,1,Munster Rendering Ltd,collected,fallen animal
07/04/2018,BIRTH,12,,,calves registered
09/04/2018,SALE_MART,32,Kilbeg Livestock Mart Ltd,LD-18-9776,calves
10/04/2018,MOVE_OFF_NO_DOCKET,11,"R. Foley (dealer, private yard)",,"calves moved off; no mart docket, no invoice, no bank receipt"
14/04/2018,BIRTH,17,,,calves registered
18/04/2018,SALE_MART,32,Kilbeg Livestock Mart Ltd,LD-18-9422,calves
21/04/2018,BIRTH,6,,,calves registered
28/04/2018,BIRTH,8,,,calves registered
03/05/2018,DEATH_ADULT,1,Munster Rendering Ltd,collected,fallen animal
04/05/2018,SALE_MART,32,Kilbeg Livestock Mart Ltd,LD-18-2971,calves
05/05/2018,BIRTH,1,,,calves registered
12/05/2018,BIRTH,2,,,calves registered
15/05/2018,SALE_MART,32,Kilbeg Livestock Mart Ltd,LD-18-2474,calves
19/05/2018,BIRTH,1,,,calves registered
31/05/2018,DEATH_CALF,8,,,calf mortality to 31 May
20/06/2018,DEATH_ADULT,1,Munster Rendering Ltd,collected,fallen animal
12/07/2018,DEATH_ADULT,1,Munster Rendering Ltd,collected,fallen animal
13/08/2018,DEATH_ADULT,1,Munster Rendering Ltd,collected,fallen animal
17/09/2018,SALE_MART,16,Kilbeg Livestock Mart Ltd,LD-18-8277,cull cows
24/09/2018,MOVE_OFF_NO_DOCKET,3,"R. Foley (dealer, private yard)",,"cull cows moved off; no docket, no bank receipt"
15/10/2018,SALE_FACTORY,16,Southern Meats Ltd,SM-18-8146,cull cows
15/10/2018,SALE_MART,15,Kilbeg Livestock Mart Ltd,LD-18-2553,in-calf heifers
17/10/2018,SALE_FACTORY,17,Southern Meats Ltd,SM-18-5628,cull cows
22/10/2018,SALE_FACTORY,16,Southern Meats Ltd,SM-18-8652,cull cows
25/10/2018,SALE_MART,17,Kilbeg Livestock Mart Ltd,LD-18-5826,cull cows
02/12/2018,DEATH_ADULT,1,Munster Rendering Ltd,collected,fallen animal
31/12/2018,YEAR_END_COUNT,294,,,milking cows; replacement heifers 123; calves under 1yr 65
20/01/2019,BIRTH,3,,,calves registered
27/01/2019,BIRTH,6,,,calves registered
29/01/2019,TB_REACTOR_REMOVAL,15,DAFM,TB19,"herd restricted, quarantine until June"
03/02/2019,BIRTH,13,,,calves registered
10/02/2019,BIRTH,15,,,calves registered
17/02/2019,BIRTH,24,,,calves registered
24/02/2019,BIRTH,37,,,calves registered
28/02/2019,DEATH_ADULT,1,Munster Rendering Ltd,collected,fallen animal
03/03/2019,BIRTH,36,,,calves registered
10/03/2019,BIRTH,28,,,calves registered
13/03/2019,SALE_MART,27,Kilbeg Livestock Mart Ltd,LD-19-9083,calves
17/03/2019,BIRTH,20,,,calves registered
22/03/2019,SALE_MART,27,Kilbeg Livestock Mart Ltd,LD-19-9803,calves
24/03/2019,BIRTH,26,,,calves registered
25/03/2019,MOVE_OFF_NO_DOCKET,13,"R. Foley (dealer, private yard)",,"calves moved off; no mart docket, no invoice, no bank receipt"
31/03/2019,BIRTH,17,,,calves registered
02/04/2019,SALE_MART,27,Kilbeg Livestock Mart Ltd,LD-19-4931,calves
07/04/2019,BIRTH,11,,,calves registered
14/04/2019,BIRTH,9,,,calves registered
15/04/2019,SALE_MART,27,Kilbeg Livestock Mart Ltd,LD-19-4810,calves
16/04/2019,DEATH_ADULT,1,Munster Rendering Ltd,collected,fallen animal
21/04/2019,BIRTH,8,,,calves registered
23/04/2019,SALE_MART,27,Kilbeg Livestock Mart Ltd,LD-19-4412,calves
28/04/2019,BIRTH,4,,,calves registered
05/05/2019,BIRTH,4,,,calves registered
10/05/2019,SALE_MART,26,Kilbeg Livestock Mart Ltd,LD-19-4565,calves
12/05/2019,BIRTH,3,,,calves registered
19/05/2019,BIRTH,4,,,calves registered
20/05/2019,SALE_MART,26,Kilbeg Livestock Mart Ltd,LD-19-8392,calves
31/05/2019,DEATH_CALF,12,,,calf mortality to 31 May
17/06/2019,DEATH_ADULT,1,Munster Rendering Ltd,collected,fallen animal
17/08/2019,DEATH_ADULT,1,Munster Rendering Ltd,collected,fallen animal
23/09/2019,MOVE_OFF_NO_DOCKET,4,"R. Foley (dealer, private yard)",,"cull cows moved off; no docket, no bank receipt"
25/09/2019,SALE_FACTORY,13,Southern Meats Ltd,SM-19-6880,cull cows
27/09/2019,DEATH_ADULT,1,Munster Rendering Ltd,collected,fallen animal
07/10/2019,SALE_FACTORY,13,Southern Meats Ltd,SM-19-6204,cull cows
04/11/2019,SALE_MART,14,Kilbeg Livestock Mart Ltd,LD-19-3126,cull cows
25/11/2019,SALE_FACTORY,13,Southern Meats Ltd,SM-19-8424,cull cows
11/12/2019,DEATH_ADULT,1,Munster Rendering Ltd,collected,fallen animal
31/12/2019,YEAR_END_COUNT,292,,,milking cows; replacement heifers 127; calves under 1yr 69
17/01/2020,DEATH_ADULT,1,Munster Rendering Ltd,collected,fallen animal
20/01/2020,BIRTH,1,,,calves registered
27/01/2020,BIRTH,8,,,calves registered
03/02/2020,BIRTH,11,,,calves registered
05/02/2020,DEATH_ADULT,1,Munster Rendering Ltd,collected,fallen animal
10/02/2020,BIRTH,21,,,calves registered
17/02/2020,BIRTH,24,,,calves registered
24/02/2020,BIRTH,32,,,calves registered
02/03/2020,BIRTH,33,,,calves registered
09/03/2020,BIRTH,38,,,calves registered
13/03/2020,SALE_MART,26,Kilbeg Livestock Mart Ltd,LD-20-3262,calves
16/03/2020,BIRTH,37,,,calves registered
18/03/2020,SALE_MART,26,Kilbeg Livestock Mart Ltd,LD-20-5878,calves
23/03/2020,BIRTH,20,,,calves registered
30/03/2020,BIRTH,14,,,calves registered
31/03/2020,SALE_MART,26,Kilbeg Livestock Mart Ltd,LD-20-4331,calves
06/04/2020,BIRTH,15,,,calves registered
08/04/2020,SALE_MART,26,Kilbeg Livestock Mart Ltd,LD-20-9751,calves
13/04/2020,BIRTH,8,,,calves registered
17/04/2020,SALE_MART,26,Kilbeg Livestock Mart Ltd,LD-20-4185,calves
20/04/2020,BIRTH,8,,,calves registered
27/04/2020,BIRTH,6,,,calves registered
28/04/2020,SALE_MART,26,Kilbeg Livestock Mart Ltd,LD-20-9127,calves
04/05/2020,BIRTH,1,,,calves registered
11/05/2020,BIRTH,4,,,calves registered
11/05/2020,SALE_MART,26,Kilbeg Livestock Mart Ltd,LD-20-9240,calves
18/05/2020,BIRTH,4,,,calves registered
25/05/2020,SALE_MART,25,Kilbeg Livestock Mart Ltd,LD-20-9186,calves
31/05/2020,DEATH_CALF,15,,,calf mortality to 31 May
05/07/2020,DEATH_ADULT,1,Munster Rendering Ltd,collected,fallen animal
08/07/2020,SALE_FACTORY,9,Southern Meats Ltd,SM-20-5881,cull cows
20/07/2020,SALE_FACTORY,9,Southern Meats Ltd,SM-20-2873,cull cows
05/08/2020,SALE_FACTORY,9,Southern Meats Ltd,SM-20-1134,cull cows
08/08/2020,DEATH_ADULT,1,Munster Rendering Ltd,collected,fallen animal
20/08/2020,SALE_FACTORY,9,Southern Meats Ltd,SM-20-6783,cull cows
04/09/2020,DEATH_ADULT,1,Munster Rendering Ltd,collected,fallen animal
14/10/2020,DEATH_ADULT,1,Munster Rendering Ltd,collected,fallen animal
03/11/2020,SALE_MART,9,Kilbeg Livestock Mart Ltd,LD-20-7764,cull cows
12/11/2020,SALE_MART,9,Kilbeg Livestock Mart Ltd,LD-20-2159,cull cows
31/12/2020,YEAR_END_COUNT,298,,,milking cows; replacement heifers 122; calves under 1yr 63
20/01/2021,BIRTH,5,,,calves registered
20/01/2021,DEATH_ADULT,1,Munster Rendering Ltd,collected,fallen animal
27/01/2021,BIRTH,6,,,calves registered
03/02/2021,BIRTH,11,,,calves registered
10/02/2021,BIRTH,23,,,calves registered
17/02/2021,BIRTH,26,,,calves registered
24/02/2021,BIRTH,26,,,calves registered
03/03/2021,BIRTH,42,,,calves registered
09/03/2021,SALE_MART,36,Kilbeg Livestock Mart Ltd,LD-21-6396,calves
10/03/2021,BIRTH,36,,,calves registered
12/03/2021,DEATH_ADULT,1,Munster Rendering Ltd,collected,fallen animal
17/03/2021,BIRTH,23,,,calves registered
24/03/2021,BIRTH,22,,,calves registered
25/03/2021,SALE_MART,36,Kilbeg Livestock Mart Ltd,LD-21-8724,calves
31/03/2021,BIRTH,19,,,calves registered
07/04/2021,BIRTH,15,,,calves registered
09/04/2021,SALE_MART,36,Kilbeg Livestock Mart Ltd,LD-21-1768,calves
14/04/2021,BIRTH,13,,,calves registered
19/04/2021,SALE_MART,36,Kilbeg Livestock Mart Ltd,LD-21-6110,calves
21/04/2021,BIRTH,10,,,calves registered
28/04/2021,BIRTH,6,,,calves registered
05/05/2021,BIRTH,2,,,calves registered
06/05/2021,SALE_MART,35,Kilbeg Livestock Mart Ltd,LD-21-1528,calves
12/05/2021,BIRTH,1,,,calves registered
17/05/2021,SALE_MART,35,Kilbeg Livestock Mart Ltd,LD-21-4240,calves
19/05/2021,BIRTH,1,,,calves registered
31/05/2021,DEATH_CALF,10,,,calf mortality to 31 May
09/06/2021,DEATH_ADULT,1,Munster Rendering Ltd,collected,fallen animal
11/07/2021,DEATH_ADULT,1,Munster Rendering Ltd,collected,fallen animal
12/07/2021,SALE_MART,9,Kilbeg Livestock Mart Ltd,LD-21-1482,cull cows
22/07/2021,SALE_FACTORY,9,Southern Meats Ltd,SM-21-4853,cull cows
23/08/2021,SALE_MART,9,Kilbeg Livestock Mart Ltd,LD-21-7049,cull cows
04/10/2021,SALE_FACTORY,9,Southern Meats Ltd,SM-21-5597,cull cows
24/10/2021,DEATH_ADULT,1,Munster Rendering Ltd,collected,fallen animal
15/11/2021,SALE_FACTORY,9,Southern Meats Ltd,SM-21-2460,cull cows
22/11/2021,SALE_FACTORY,9,Southern Meats Ltd,SM-21-8621,cull cows
19/12/2021,DEATH_ADULT,1,Munster Rendering Ltd,collected,fallen animal
31/12/2021,YEAR_END_COUNT,300,,,milking cows; replacement heifers 123; calves under 1yr 63
07/01/2022,DEATH_ADULT,1,Munster Rendering Ltd,collected,fallen animal
20/01/2022,BIRTH,1,,,calves registered
27/01/2022,BIRTH,5,,,calves registered
03/02/2022,BIRTH,11,,,calves registered
10/02/2022,BIRTH,18,,,calves registered
13/02/2022,DEATH_ADULT,1,Munster Rendering Ltd,collected,fallen animal
17/02/2022,BIRTH,29,,,calves registered
24/02/2022,BIRTH,28,,,calves registered
03/03/2022,BIRTH,27,,,calves registered
10/03/2022,BIRTH,30,,,calves registered
11/03/2022,DEATH_ADULT,1,Munster Rendering Ltd,collected,fallen animal
11/03/2022,SALE_MART,39,Kilbeg Livestock Mart Ltd,LD-22-2723,calves
17/03/2022,BIRTH,29,,,calves registered
24/03/2022,BIRTH,20,,,calves registered
30/03/2022,SALE_MART,38,Kilbeg Livestock Mart Ltd,LD-22-8999,calves
31/03/2022,BIRTH,19,,,calves registered
07/04/2022,BIRTH,9,,,calves registered
11/04/2022,SALE_MART,38,Kilbeg Livestock Mart Ltd,LD-22-4521,calves
14/04/2022,BIRTH,13,,,calves registered
21/04/2022,BIRTH,9,,,calves registered
27/04/2022,SALE_MART,38,Kilbeg Livestock Mart Ltd,LD-22-7001,calves
28/04/2022,BIRTH,7,,,calves registered
05/05/2022,BIRTH,3,,,calves registered
12/05/2022,BIRTH,5,,,calves registered
12/05/2022,SALE_MART,38,Kilbeg Livestock Mart Ltd,LD-22-3873,calves
19/05/2022,BIRTH,2,,,calves registered
25/05/2022,DEATH_ADULT,1,Munster Rendering Ltd,collected,fallen animal
31/05/2022,DEATH_CALF,13,,,calf mortality to 31 May
04/07/2022,SALE_FACTORY,15,Southern Meats Ltd,SM-22-2725,cull cows
15/07/2022,SALE_MART,14,Kilbeg Livestock Mart Ltd,LD-22-4897,cull cows
20/07/2022,DEATH_ADULT,1,Munster Rendering Ltd,collected,fallen animal
23/08/2022,SALE_MART,15,Kilbeg Livestock Mart Ltd,LD-22-8146,cull cows
12/09/2022,SALE_FACTORY,14,Southern Meats Ltd,SM-22-3385,cull cows
16/09/2022,DEATH_ADULT,1,Munster Rendering Ltd,collected,fallen animal
05/10/2022,DEATH_ADULT,1,Munster Rendering Ltd,collected,fallen animal
14/10/2022,SALE_MART,14,Kilbeg Livestock Mart Ltd,LD-22-2922,in-calf heifers
14/12/2022,DEATH_ADULT,1,Munster Rendering Ltd,collected,fallen animal
31/12/2022,YEAR_END_COUNT,292,,,milking cows; replacement heifers 119; calves under 1yr 61
20/01/2023,BIRTH,2,,,calves registered
22/01/2023,DEATH_ADULT,1,Munster Rendering Ltd,collected,fallen animal
27/01/2023,BIRTH,4,,,calves registered
03/02/2023,BIRTH,15,,,calves registered
10/02/2023,BIRTH,17,,,calves registered
12/02/2023,DEATH_ADULT,1,Munster Rendering Ltd,collected,fallen animal
17/02/2023,BIRTH,18,,,calves registered
24/02/2023,BIRTH,26,,,calves registered
03/03/2023,BIRTH,29,,,calves registered
10/03/2023,BIRTH,38,,,calves registered
10/03/2023,SALE_MART,35,Kilbeg Livestock Mart Ltd,LD-23-3294,calves
17/03/2023,BIRTH,27,,,calves registered
24/03/2023,BIRTH,26,,,calves registered
27/03/2023,SALE_MART,35,Kilbeg Livestock Mart Ltd,LD-23-9065,calves
31/03/2023,BIRTH,16,,,calves registered
07/04/2023,BIRTH,10,,,calves registered
10/04/2023,SALE_MART,35,Kilbeg Livestock Mart Ltd,LD-23-8893,calves
14/04/2023,BIRTH,5,,,calves registered
21/04/2023,BIRTH,6,,,calves registered
26/04/2023,SALE_MART,34,Kilbeg Livestock Mart Ltd,LD-23-4252,calves
28/04/2023,BIRTH,4,,,calves registered
05/05/2023,BIRTH,1,,,calves registered
12/05/2023,BIRTH,2,,,calves registered
12/05/2023,SALE_MART,34,Kilbeg Livestock Mart Ltd,LD-23-5586,calves
19/05/2023,BIRTH,1,,,calves registered
31/05/2023,DEATH_CALF,15,,,calf mortality to 31 May
16/06/2023,DEATH_ADULT,1,Munster Rendering Ltd,collected,fallen animal
17/07/2023,SALE_MART,23,Kilbeg Livestock Mart Ltd,LD-23-9195,cull cows
23/07/2023,DEATH_ADULT,1,Munster Rendering Ltd,collected,fallen animal
02/08/2023,DEATH_ADULT,1,Munster Rendering Ltd,collected,fallen animal
15/09/2023,SALE_MART,24,Kilbeg Livestock Mart Ltd,LD-23-9491,cull cows
04/10/2023,DEATH_ADULT,1,Munster Rendering Ltd,collected,fallen animal
23/10/2023,SALE_FACTORY,24,Southern Meats Ltd,SM-23-3659,cull cows
27/11/2023,DEATH_ADULT,1,Munster Rendering Ltd,collected,fallen animal
31/12/2023,YEAR_END_COUNT,262,,,milking cows; replacement heifers 111; calves under 1yr 59
20/01/2024,BIRTH,1,,,calves registered
27/01/2024,BIRTH,8,,,calves registered
03/02/2024,BIRTH,6,,,calves registered
10/02/2024,BIRTH,18,,,calves registered
17/02/2024,BIRTH,22,,,calves registered
24/02/2024,BIRTH,29,,,calves registered
02/03/2024,BIRTH,25,,,calves registered
08/03/2024,SALE_MART,22,Kilbeg Livestock Mart Ltd,LD-24-8430,calves
09/03/2024,BIRTH,32,,,calves registered
16/03/2024,BIRTH,28,,,calves registered
19/03/2024,SALE_MART,22,Kilbeg Livestock Mart Ltd,LD-24-4525,calves
22/03/2024,DEATH_ADULT,1,Munster Rendering Ltd,collected,fallen animal
23/03/2024,BIRTH,19,,,calves registered
30/03/2024,BIRTH,18,,,calves registered
03/04/2024,SALE_MART,22,Kilbeg Livestock Mart Ltd,LD-24-3824,calves
06/04/2024,BIRTH,10,,,calves registered
12/04/2024,SALE_MART,22,Kilbeg Livestock Mart Ltd,LD-24-3057,calves
13/04/2024,BIRTH,8,,,calves registered
19/04/2024,SALE_MART,21,Kilbeg Livestock Mart Ltd,LD-24-8458,calves
20/04/2024,BIRTH,11,,,calves registered
27/04/2024,BIRTH,5,,,calves registered
29/04/2024,SALE_MART,21,Kilbeg Livestock Mart Ltd,LD-24-9099,calves
04/05/2024,BIRTH,3,,,calves registered
11/05/2024,BIRTH,1,,,calves registered
13/05/2024,SALE_MART,21,Kilbeg Livestock Mart Ltd,LD-24-2216,calves
17/05/2024,SALE_MART,21,Kilbeg Livestock Mart Ltd,LD-24-9592,calves
18/05/2024,BIRTH,2,,,calves registered
25/05/2024,DEATH_ADULT,1,Munster Rendering Ltd,collected,fallen animal
31/05/2024,DEATH_CALF,13,,,calf mortality to 31 May
10/06/2024,DEATH_ADULT,1,Munster Rendering Ltd,collected,fallen animal
05/08/2024,SALE_MART,12,Kilbeg Livestock Mart Ltd,LD-24-3157,cull cows
07/08/2024,SALE_FACTORY,11,Southern Meats Ltd,SM-24-1966,cull cows
09/08/2024,SALE_MART,11,Kilbeg Livestock Mart Ltd,LD-24-6615,cull cows
15/09/2024,DEATH_ADULT,1,Munster Rendering Ltd,collected,fallen animal
25/09/2024,SALE_MART,11,Kilbeg Livestock Mart Ltd,LD-24-3950,cull cows
23/10/2024,SALE_FACTORY,12,Southern Meats Ltd,SM-24-7203,cull cows
17/11/2024,DEATH_ADULT,1,Munster Rendering Ltd,collected,fallen animal
07/12/2024,DEATH_ADULT,1,Munster Rendering Ltd,collected,fallen animal
31/12/2024,YEAR_END_COUNT,258,,,milking cows; replacement heifers 112; calves under 1yr 61
20/01/2025,BIRTH,5,,,calves registered
27/01/2025,BIRTH,9,,,calves registered
27/01/2025,DEATH_ADULT,1,Munster Rendering Ltd,collected,fallen animal
03/02/2025,BIRTH,6,,,calves registered
10/02/2025,BIRTH,15,,,calves registered
17/02/2025,BIRTH,26,,,calves registered
24/02/2025,BIRTH,23,,,calves registered
03/03/2025,BIRTH,26,,,calves registered
10/03/2025,BIRTH,30,,,calves registered
14/03/2025,SALE_MART,31,Kilbeg Livestock Mart Ltd,LD-25-6538,calves
17/03/2025,BIRTH,33,,,calves registered
24/03/2025,BIRTH,17,,,calves registered
26/03/2025,SALE_MART,31,Kilbeg Livestock Mart Ltd,LD-25-5644,calves
27/03/2025,DEATH_ADULT,1,Munster Rendering Ltd,collected,fallen animal
31/03/2025,BIRTH,10,,,calves registered
07/04/2025,BIRTH,14,,,calves registered
07/04/2025,SALE_MART,31,Kilbeg Livestock Mart Ltd,LD-25-2778,calves
14/04/2025,BIRTH,13,,,calves registered
16/04/2025,DEATH_ADULT,1,Munster Rendering Ltd,collected,fallen animal
21/04/2025,BIRTH,6,,,calves registered
21/04/2025,SALE_MART,31,Kilbeg Livestock Mart Ltd,LD-25-8257,calves
28/04/2025,BIRTH,3,,,calves registered
05/05/2025,BIRTH,4,,,calves registered
05/05/2025,SALE_MART,30,Kilbeg Livestock Mart Ltd,LD-25-3542,calves
09/05/2025,DEATH_ADULT,1,Munster Rendering Ltd,collected,fallen animal
12/05/2025,BIRTH,7,,,calves registered
16/05/2025,SALE_MART,30,Kilbeg Livestock Mart Ltd,LD-25-4826,calves
19/05/2025,BIRTH,6,,,calves registered
31/05/2025,DEATH_CALF,13,,,calf mortality to 31 May
14/06/2025,DEATH_ADULT,1,Munster Rendering Ltd,collected,fallen animal
17/07/2025,DEATH_ADULT,1,Munster Rendering Ltd,collected,fallen animal
18/08/2025,SALE_FACTORY,8,Southern Meats Ltd,SM-25-9049,cull cows
18/08/2025,SALE_MART,8,Kilbeg Livestock Mart Ltd,LD-25-1008,cull cows
27/08/2025,DEATH_ADULT,1,Munster Rendering Ltd,collected,fallen animal
01/09/2025,SALE_FACTORY,8,Southern Meats Ltd,SM-25-1304,cull cows
05/09/2025,SALE_FACTORY,8,Southern Meats Ltd,SM-25-6126,cull cows
19/09/2025,SALE_FACTORY,8,Southern Meats Ltd,SM-25-4103,cull cows
20/10/2025,SALE_MART,8,Kilbeg Livestock Mart Ltd,LD-25-7113,cull cows
28/11/2025,DEATH_ADULT,1,Munster Rendering Ltd,collected,fallen animal
03/12/2025,DEATH_ADULT,1,Munster Rendering Ltd,collected,fallen animal
31/12/2025,YEAR_END_COUNT,266,,,milking cows; replacement heifers 109; calves under 1yr 56
