Date,Description,Debit,Credit,Balance,Reference
22/12/2015,CHQ 005005,755.76,,46351.10,
22/12/2015,ATM WITHDRAWAL,200.00,,46151.10,
22/12/2015,D/D SKY / NETFLIX / TV,75.60,,46075.50,
25/12/2015,POS APPLEGREEN CHARLEVILLE,96.19,,45979.31,
28/12/2015,SLIEVE DAIRY COOP MILK PMT NOV 15,,12101.66,58080.97,MS-201511
28/12/2015,SEPA CT WAGES P. NOWAK,1656.01,,56424.96,PAY 201512
28/12/2015,SEPA CT WAGES S. COAKLEY,387.43,,56037.53,PAY 201512
28/12/2015,BUS EIREANN PAYROLL,,1076.01,57113.54,PAY201512
31/12/2015,SEPA CT CHARLEVILLE FARM PARTS & TYR,352.09,,56761.45,CFP15-0022
31/12/2015,ACCOUNT MAINTENANCE FEE,20.30,,56741.15,
01/01/2016,POS LIDL CHARLEVILLE incl cashback 60.00,193.32,,56547.83,
03/01/2016,POS APPLEGREEN CHARLEVILLE,83.42,,56464.41,
04/01/2016,SEPA CT CHARLEVILLE FARM PARTS & TYR,358.67,,56105.74,
04/01/2016,STO T MULLANE,2175.00,,53930.74,
05/01/2016,SEPA CT C MULLANE,400.00,,53530.74,FARM LABOUR
05/01/2016,POS DUNNES STORES CHARLEVILLE,150.12,,53380.62,
05/01/2016,D/D PRSA PENSION,540.00,,52840.62,
07/01/2016,ATM WITHDRAWAL,150.00,,52690.62,
07/01/2016,ATM WITHDRAWAL,250.00,,52440.62,
08/01/2016,D/D HERDTRACK SOFTWARE,108.24,,52332.38,
08/01/2016,D/D AIB LOAN L01,1218.93,,51113.45,L01
08/01/2016,D/D AIB LOAN L02,2841.89,,48271.56,L02
09/01/2016,POS TESCO IRELAND CHARLEVILLE,126.03,,48145.53,
12/01/2016,D/D HEALTH INSURANCE,410.40,,47735.13,
14/01/2016,REVENUE PAYE/PRSI/USC EMP 4521978,2223.74,,45511.39,ROS
14/01/2016,POS TESCO IRELAND CHARLEVILLE,93.42,,45417.97,
17/01/2016,ATM WITHDRAWAL,150.00,,45267.97,
18/01/2016,D/D VODAFONE IRELAND,192.32,,45075.65,
18/01/2016,POS SUPERVALU CHARLEVILLE,243.02,,44832.63,
18/01/2016,SEPA CT LYONS AGRI CONTRACTING,4363.02,,40469.61,LAC15-0001
20/01/2016,STO ST MARYS CREDIT UNION,200.00,,40269.61,
20/01/2016,SEPA CT LISHEEN VETERINARY CLINIC,1650.20,,38619.41,STMT DEC 15
22/01/2016,D/D ESB ELECTRIC SUPPLY,1311.56,,37307.85,
22/01/2016,D/D SKY / NETFLIX / TV,75.60,,37232.25,
24/01/2016,ATM WITHDRAWAL,300.00,,36932.25,
25/01/2016,SLIEVE DAIRY COOP MILK PMT DEC 15,,2264.22,39196.47,MS-201512
25/01/2016,SEPA CT DAIRY HYGIENE SUPPLIES,554.91,,38641.56,DHS16-0010
25/01/2016,BUS EIREANN PAYROLL,,1107.98,39749.54,PAY201601
25/01/2016,SEPA CT CHARLEVILLE FARM PARTS & TYR,1092.73,,38656.81,STMT DEC 15
26/01/2016,ATM WITHDRAWAL,200.00,,38456.81,
28/01/2016,SEPA CT WAGES P. NOWAK,1713.61,,36743.20,PAY 201601
28/01/2016,SEPA CT WAGES S. COAKLEY,386.60,,36356.60,PAY 201601
28/01/2016,POS LIDL CHARLEVILLE incl cashback 40.00,229.89,,36126.71,
29/01/2016,CHQ 005144,41563.25,,-5436.54,
29/01/2016,OVERDRAFT INTEREST,29.38,,-5465.92,
31/01/2016,ACCOUNT MAINTENANCE FEE,21.00,,-5486.92,
01/02/2016,STO T MULLANE,2175.00,,-7661.92,
01/02/2016,REVENUE VAT REPAYMENT NOV-DEC 15,,861.93,-6799.99,VAT3 2015-11
03/02/2016,SEPA CT LISHEEN VETERINARY CLINIC,712.00,,-7511.99,LV16-0005
04/02/2016,SEPA CT MURPHY STEEL FABRICATION,38130.00,,-45641.99,MSF16-0001
04/02/2016,ATM WITHDRAWAL,200.00,,-45841.99,
05/02/2016,SEPA CT C MULLANE,400.00,,-46241.99,FARM LABOUR
05/02/2016,D/D PRSA PENSION,540.00,,-46781.99,
08/02/2016,D/D HERDTRACK SOFTWARE,108.24,,-46890.23,
08/02/2016,D/D AIB LOAN L01,1218.93,,-48109.16,L01
08/02/2016,D/D AIB LOAN L02,2841.89,,-50951.05,L02
09/02/2016,ATM WITHDRAWAL,300.00,,-51251.05,
12/02/2016,D/D HEALTH INSURANCE,410.40,,-51661.45,
13/02/2016,ATM WITHDRAWAL,200.00,,-51861.45,
14/02/2016,POS LIDL CHARLEVILLE,193.14,,-52054.59,
15/02/2016,REVENUE PAYE/PRSI/USC EMP 4521978,2286.70,,-54341.29,ROS
15/02/2016,SEPA CT GLENFERN FEEDS,4711.01,,-59052.30,GF16-0007
16/02/2016,ATM WITHDRAWAL,250.00,,-59302.30,
16/02/2016,POS DUNNES STORES CHARLEVILLE,112.56,,-59414.86,
17/02/2016,CHQ 005143,146.12,,-59560.98,
18/02/2016,D/D VODAFONE IRELAND,196.30,,-59757.28,
18/02/2016,POS LIDL CHARLEVILLE incl cashback 40.00,153.03,,-59910.31,
18/02/2016,SEPA CT CHARLEVILLE FARM PARTS & TYR,1102.33,,-61012.64,STMT JAN 16
19/02/2016,SEPA CT LISHEEN VETERINARY CLINIC,837.30,,-61849.94,LV16-0032
19/02/2016,SEPA CT SOUTHERN GENETICS CO-OP,1167.98,,-63017.92,SG16-0003
20/02/2016,POS ALDI CHARLEVILLE,129.31,,-63147.23,
22/02/2016,D/D ESB ELECTRIC SUPPLY,1387.29,,-64534.52,
22/02/2016,POS MUNSTER FARM INSURANCE,9719.04,,-74253.56,
22/02/2016,POS TESCO IRELAND CHARLEVILLE,211.62,,-74465.18,
22/02/2016,POS LIDL CHARLEVILLE incl cashback 100.00,190.43,,-74655.61,
22/02/2016,STO ST MARYS CREDIT UNION,200.00,,-74855.61,
22/02/2016,D/D SKY / NETFLIX / TV,75.60,,-74931.21,
22/02/2016,SEPA CT DAIRY HYGIENE SUPPLIES,557.90,,-75489.11,DHS16-0004
23/02/2016,POS PHARMACY CHARLEVILLE,106.03,,-75595.14,
23/02/2016,SEPA CT LISHEEN VETERINARY CLINIC,961.78,,-76556.92,STMT JAN 16
25/02/2016,SLIEVE DAIRY COOP MILK PMT JAN 16,,5579.90,-70977.02,MS-201601
25/02/2016,SEPA CT BALLYHOURA FUELS,1911.26,,-72888.28,BF16-0005
25/02/2016,BUS EIREANN PAYROLL,,1107.98,-71780.30,PAY201602
29/02/2016,SEPA CT CHARLEVILLE FARM PARTS & TYR,458.33,,-72238.63,CFP16-0026
29/02/2016,POS DAIRY HYGIENE SUPPLIES,429.22,,-72667.85,
29/02/2016,ACCOUNT MAINTENANCE FEE,21.00,,-72688.85,
29/02/2016,SEPA CT WAGES P. NOWAK,1713.61,,-74402.46,PAY 201602
29/02/2016,SEPA CT WAGES S. COAKLEY,400.07,,-74802.53,PAY 201602
29/02/2016,SEPA CT WAGES A. BROSNAN,962.81,,-75765.34,PAY 201602
29/02/2016,OVERDRAFT INTEREST,407.87,,-76173.21,
29/02/2016,TFR FROM DEPOSIT ACCT,,91000.00,14826.79,
01/03/2016,STO T MULLANE,2175.00,,12651.79,
02/03/2016,CASH LODGEMENT,,7500.00,20151.79,
02/03/2016,ATM WITHDRAWAL,150.00,,20001.79,
03/03/2016,SEPA CT CHARLEVILLE FARM PARTS & TYR,657.67,,19344.12,
07/03/2016,D/D HERDTRACK SOFTWARE,108.24,,19235.88,
07/03/2016,SEPA CT C MULLANE,400.00,,18835.88,FARM LABOUR
07/03/2016,D/D PRSA PENSION,540.00,,18295.88,
08/03/2016,D/D AIB LOAN L01,1218.93,,17076.95,L01
08/03/2016,D/D AIB LOAN L02,2841.89,,14235.06,L02
09/03/2016,ATM WITHDRAWAL,300.00,,13935.06,
09/03/2016,POS TESCO IRELAND CHARLEVILLE,121.66,,13813.40,
13/03/2016,ATM WITHDRAWAL,300.00,,13513.40,
13/03/2016,POS LIDL CHARLEVILLE,187.39,,13326.01,
14/03/2016,REVENUE PAYE/PRSI/USC EMP 4521978,3348.18,,9977.83,ROS
14/03/2016,D/D HEALTH INSURANCE,410.40,,9567.43,
15/03/2016,SEPA CT LISHEEN VETERINARY CLINIC,366.16,,9201.27,
15/03/2016,POS CHARLEVILLE FARM PARTS,455.37,,8745.90,
18/03/2016,D/D VODAFONE IRELAND,198.93,,8546.97,
18/03/2016,SEPA CT MUNSTER RENDERING,146.12,,8400.85,MR16-0001
18/03/2016,POS LIDL CHARLEVILLE,203.74,,8197.11,
18/03/2016,SEPA CT LISHEEN VETERINARY CLINIC,937.90,,7259.21,STMT FEB 16
21/03/2016,SEPA CT LISHEEN VETERINARY CLINIC,457.24,,6801.97,LV16-0029
21/03/2016,SEPA CT CHARLEVILLE FARM PARTS & TYR,601.45,,6200.52,CFP16-0010
21/03/2016,KILBEG LIVESTOCK MART SALE,,502.99,6703.51,LD-16-7710
21/03/2016,STO ST MARYS CREDIT UNION,200.00,,6503.51,
22/03/2016,SEPA CT LISHEEN VETERINARY CLINIC,654.15,,5849.36,LV16-0002
22/03/2016,D/D ESB ELECTRIC SUPPLY,1507.34,,4342.02,
22/03/2016,ATM WITHDRAWAL,300.00,,4042.02,
22/03/2016,D/D SKY / NETFLIX / TV,75.60,,3966.42,
22/03/2016,SEPA CT GLENFERN FEEDS,1987.47,,1978.95,
22/03/2016,SEPA CT CHARLEVILLE FARM PARTS & TYR,1209.09,,769.86,STMT FEB 16
23/03/2016,POS LIDL CHARLEVILLE incl cashback 60.00,150.44,,619.42,
24/03/2016,ATM WITHDRAWAL,150.00,,469.42,
25/03/2016,SLIEVE DAIRY COOP MILK PMT FEB 16,,20366.63,20836.05,MS-201602
25/03/2016,BUS EIREANN PAYROLL,,1107.98,21944.03,PAY201603
25/03/2016,SEPA CT RATHCORMAC MOTORS,50430.00,,-28485.97,RM16-0001
25/03/2016,POS SUPERVALU CHARLEVILLE,120.80,,-28606.77,
27/03/2016,POS SUPERVALU CHARLEVILLE,153.36,,-28760.13,
28/03/2016,SEPA CT HEGARTY & CO FARM ACCOUNTANT,3666.38,,-32426.51,HC16-0001
28/03/2016,SEPA CT WAGES P. NOWAK,1713.61,,-34140.12,PAY 201603
28/03/2016,SEPA CT WAGES S. COAKLEY,386.11,,-34526.23,PAY 201603
28/03/2016,SEPA CT WAGES A. BROSNAN,962.81,,-35489.04,PAY 201603
31/03/2016,ACCOUNT MAINTENANCE FEE,21.00,,-35510.04,
31/03/2016,OVERDRAFT INTEREST,191.16,,-35701.20,
31/03/2016,TFR FROM DEPOSIT ACCT,,50000.00,14298.80,
01/04/2016,KILBEG LIVESTOCK MART SALE,,628.26,14927.06,LD-16-8229
01/04/2016,STO T MULLANE,2175.00,,12752.06,
03/04/2016,ATM WITHDRAWAL,150.00,,12602.06,
03/04/2016,ATM WITHDRAWAL,150.00,,12452.06,
05/04/2016,SEPA CT C MULLANE,400.00,,12052.06,FARM LABOUR
05/04/2016,D/D PRSA PENSION,540.00,,11512.06,
06/04/2016,SEPA CT MUNSTER RENDERING,212.54,,11299.52,MR16-0002
07/04/2016,ATM WITHDRAWAL,150.00,,11149.52,
08/04/2016,D/D HERDTRACK SOFTWARE,108.24,,11041.28,
08/04/2016,D/D AIB LOAN L01,1218.93,,9822.35,L01
08/04/2016,D/D AIB LOAN L02,2841.89,,6980.46,L02
11/04/2016,LODGMT CHQ M. O'LEARY,,2124.72,9105.18,DOC16-0001
12/04/2016,POS DUNNES STORES CHARLEVILLE incl cashback 100.00,328.32,,8776.86,
12/04/2016,D/D HEALTH INSURANCE,410.40,,8366.46,
13/04/2016,POS CHARLEVILLE FARM PARTS,603.82,,7762.64,
13/04/2016,KILBEG LIVESTOCK MART SALE,,512.39,8275.03,LD-16-4257
13/04/2016,POS SUPERVALU CHARLEVILLE incl cashback 40.00,245.93,,8029.10,
14/04/2016,REVENUE PAYE/PRSI/USC EMP 4521978,3332.69,,4696.41,ROS
14/04/2016,DAFM TAMS II GRANT,,32000.00,36696.41,TAMS15B
14/04/2016,ATM WITHDRAWAL,250.00,,36446.41,
15/04/2016,SEPA CT DAIRY HYGIENE SUPPLIES,500.18,,35946.23,DHS16-0016
15/04/2016,REVENUE VAT REPAYMENT JAN-FEB 16,,9559.16,45505.39,VAT3 2016-01
18/04/2016,SEPA CT LISHEEN VETERINARY CLINIC,1307.13,,44198.26,STMT MAR 16
19/04/2016,POS SUPERVALU CHARLEVILLE incl cashback 40.00,263.62,,43934.64,
20/04/2016,D/D VODAFONE IRELAND,179.80,,43754.84,
20/04/2016,STO ST MARYS CREDIT UNION,200.00,,43554.84,
20/04/2016,SEPA CT O'BRIEN PLANT HIRE,4093.25,,39461.59,OB16-0006
21/04/2016,SEPA CT LISHEEN VETERINARY CLINIC,465.32,,38996.27,
21/04/2016,SEPA CT SOUTHERN GENETICS CO-OP,1118.55,,37877.72,SG16-0008
21/04/2016,SEPA CT KILCUMMIN AGRI SUPPLIES,7681.67,,30196.05,KA16-0001
22/04/2016,ATM WITHDRAWAL,200.00,,29996.05,
22/04/2016,D/D SKY / NETFLIX / TV,75.60,,29920.45,
22/04/2016,SEPA CT GLENFERN FEEDS,2831.21,,27089.24,GF16-0008
22/04/2016,SEPA CT CHARLEVILLE FARM PARTS & TYR,943.90,,26145.34,STMT MAR 16
23/04/2016,POS PHARMACY CHARLEVILLE,77.73,,26067.61,
25/04/2016,SLIEVE DAIRY COOP MILK PMT MAR 16,,43828.85,69896.46,MS-201603
25/04/2016,SEPA CT SOUTHERN GENETICS CO-OP,517.94,,69378.52,SG16-0009
25/04/2016,POS CHARLEVILLE FARM PARTS,258.37,,69120.15,
25/04/2016,D/D ESB ELECTRIC SUPPLY,1342.81,,67777.34,
25/04/2016,KILBEG LIVESTOCK MART SALE,,505.99,68283.33,LD-16-2439
25/04/2016,BUS EIREANN PAYROLL,,1107.98,69391.31,PAY201604
26/04/2016,POS YORKSHIRE DAIRY SPARES GBP 354.17,420.42,,68970.89,
28/04/2016,SEPA CT WAGES P. NOWAK,1713.61,,67257.28,PAY 201604
28/04/2016,SEPA CT WAGES S. COAKLEY,410.51,,66846.77,PAY 201604
28/04/2016,SEPA CT WAGES A. BROSNAN,962.81,,65883.96,PAY 201604
28/04/2016,POS LIDL CHARLEVILLE,119.84,,65764.12,
30/04/2016,ACCOUNT MAINTENANCE FEE,21.00,,65743.12,
01/05/2016,POS DUNNES STORES CHARLEVILLE incl cashback 100.00,346.53,,65396.59,
02/05/2016,STO T MULLANE,2175.00,,63221.59,
04/05/2016,CASH LODGEMENT,,1200.00,64421.59,
05/05/2016,SEPA CT C MULLANE,400.00,,64021.59,FARM LABOUR
05/05/2016,D/D PRSA PENSION,540.00,,63481.59,
06/05/2016,SEPA CT SOUTHERN GENETICS CO-OP,660.12,,62821.47,SG16-0002
06/05/2016,ATM WITHDRAWAL,150.00,,62671.47,
09/05/2016,POS LISHEEN VETERINARY CLI,748.85,,61922.62,
09/05/2016,SEPA CT LYONS AGRI CONTRACTING,4219.36,,57703.26,LAC16-0005
09/05/2016,POS BALLYHOURA FUELS,1462.73,,56240.53,
09/05/2016,D/D HERDTRACK SOFTWARE,108.24,,56132.29,
09/05/2016,D/D AIB LOAN L01,1218.93,,54913.36,L01
09/05/2016,D/D AIB LOAN L02,2841.89,,52071.47,L02
09/05/2016,D/D MOTOR TAX + CAR INSURANCE,1296.00,,50775.47,
10/05/2016,SEPA CT CHARLEVILLE FARM PARTS & TYR,318.96,,50456.51,CFP16-0036
11/05/2016,SEPA CT CHARLEVILLE FARM PARTS & TYR,403.01,,50053.50,
11/05/2016,KILBEG LIVESTOCK MART SALE,,609.72,50663.22,LD-16-7803
11/05/2016,POS APPLEGREEN CHARLEVILLE,67.04,,50596.18,
12/05/2016,SLIEVE DAIRY COOP LOAN ADVANCE,,24500.00,75096.18,
12/05/2016,POS ALDI CHARLEVILLE,191.73,,74904.45,
12/05/2016,D/D HEALTH INSURANCE,410.40,,74494.05,
14/05/2016,POS SUPERVALU CHARLEVILLE,174.28,,74319.77,
15/05/2016,ATM WITHDRAWAL,150.00,,74169.77,
15/05/2016,POS ALDI CHARLEVILLE,129.99,,74039.78,
15/05/2016,POS ALDI CHARLEVILLE,203.68,,73836.10,
16/05/2016,REVENUE PAYE/PRSI/USC EMP 4521978,3359.75,,70476.35,ROS
16/05/2016,SEPA CT KILCUMMIN AGRI SUPPLIES,8174.59,,62301.76,KA16-0003
18/05/2016,D/D VODAFONE IRELAND,209.32,,62092.44,
19/05/2016,ATM WITHDRAWAL,200.00,,61892.44,
20/05/2016,SEPA CT CHARLEVILLE FARM PARTS & TYR,502.33,,61390.11,CFP16-0007
20/05/2016,STO ST MARYS CREDIT UNION,200.00,,61190.11,
20/05/2016,SEPA CT SOUTHERN GENETICS CO-OP,1681.69,,59508.42,STMT APR 16
23/05/2016,SEPA CT KILCUMMIN AGRI SUPPLIES,9004.30,,50504.12,KA16-0005
23/05/2016,SEPA CT CHARLEVILLE FARM PARTS & TYR,408.19,,50095.93,CFP16-0020
23/05/2016,D/D ESB ELECTRIC SUPPLY,1517.87,,48578.06,
23/05/2016,D/D SKY / NETFLIX / TV,75.60,,48502.46,
23/05/2016,SEPA CT GLENFERN FEEDS,3731.81,,44770.65,GF16-0006
23/05/2016,SEPA CT BALLYHOURA FUELS,2523.47,,42247.18,BF16-0007
23/05/2016,SEPA CT CHARLEVILLE FARM PARTS & TYR,950.28,,41296.90,STMT APR 16
25/05/2016,SLIEVE DAIRY COOP MILK PMT APR 16,,62578.81,103875.71,MS-201604
25/05/2016,POS DAIRY HYGIENE SUPPLIES,843.03,,103032.68,
25/05/2016,KILBEG LIVESTOCK MART SALE,,595.48,103628.16,LD-16-6100
25/05/2016,BUS EIREANN PAYROLL,,1107.98,104736.14,PAY201605
25/05/2016,ATM WITHDRAWAL,250.00,,104486.14,
26/05/2016,POS LISHEEN VETERINARY CLI,850.68,,103635.46,
27/05/2016,ATM WITHDRAWAL,150.00,,103485.46,
30/05/2016,SEPA CT CHARLEVILLE FARM PARTS & TYR,589.65,,102895.81,CFP16-0025
30/05/2016,D/D COUNTY COUNCIL WATER SERVI,669.60,,102226.21,
30/05/2016,SEPA CT WAGES P. NOWAK,1713.61,,100512.60,PAY 201605
30/05/2016,SEPA CT WAGES S. COAKLEY,404.82,,100107.78,PAY 201605
30/05/2016,SEPA CT WAGES A. BROSNAN,962.81,,99144.97,PAY 201605
31/05/2016,ACCOUNT MAINTENANCE FEE,21.00,,99123.97,
31/05/2016,TFR TO DEPOSIT ACCT,64000.00,,35123.97,
01/06/2016,SEPA CT AGRIWRAP PLASTICS,1196.74,,33927.23,AW16-0002
01/06/2016,STO T MULLANE,2175.00,,31752.23,
01/06/2016,ATM WITHDRAWAL,150.00,,31602.23,
02/06/2016,POS SUPERVALU CHARLEVILLE,187.48,,31414.75,
05/06/2016,POS DUNNES STORES CHARLEVILLE,99.34,,31315.41,
06/06/2016,SEPA CT LISHEEN VETERINARY CLINIC,810.94,,30504.47,LV16-0013
06/06/2016,SEPA CT C MULLANE,400.00,,30104.47,FARM LABOUR
06/06/2016,ATM WITHDRAWAL,300.00,,29804.47,
06/06/2016,D/D PRSA PENSION,540.00,,29264.47,
06/06/2016,REVENUE VAT REPAYMENT MAR-APR 16,,3965.59,33230.06,VAT3 2016-03
07/06/2016,D/D HERDTRACK SOFTWARE,108.24,,33121.82,
08/06/2016,D/D AIB LOAN L01,1218.93,,31902.89,L01
08/06/2016,D/D AIB LOAN L02,2841.89,,29061.00,L02
12/06/2016,POS DUNNES STORES CHARLEVILLE incl cashback 100.00,202.93,,28858.07,
13/06/2016,D/D HEALTH INSURANCE,410.40,,28447.67,
14/06/2016,REVENUE PAYE/PRSI/USC EMP 4521978,3353.44,,25094.23,ROS
14/06/2016,ATM WITHDRAWAL,300.00,,24794.23,
14/06/2016,POS ALDI CHARLEVILLE incl cashback 40.00,181.43,,24612.80,
15/06/2016,SEPA CT CHARLEVILLE FARM PARTS & TYR,1342.53,,23270.27,STMT MAY 16
16/06/2016,SEPA CT O'BRIEN PLANT HIRE,4529.90,,18740.37,STMT MAY 16
17/06/2016,D/D ESB ELECTRIC SUPPLY,1261.22,,17479.15,
17/06/2016,SEPA CT LISHEEN VETERINARY CLINIC,2388.62,,15090.53,STMT MAY 16
20/06/2016,D/D VODAFONE IRELAND,178.93,,14911.60,
20/06/2016,POS LAKELAND PARK HOTEL,4797.00,,10114.60,
20/06/2016,STO ST MARYS CREDIT UNION,200.00,,9914.60,
22/06/2016,SEPA CR P. DINEEN,,977.43,10892.03,
22/06/2016,D/D SKY / NETFLIX / TV,75.60,,10816.43,
24/06/2016,POS LIDL CHARLEVILLE,90.42,,10726.01,
24/06/2016,SEPA CT AGRIWRAP PLASTICS,605.90,,10120.11,AW16-0001
26/06/2016,ATM WITHDRAWAL,150.00,,9970.11,
27/06/2016,SLIEVE DAIRY COOP MILK PMT MAY 16,,67564.51,77534.62,MS-201605
27/06/2016,BUS EIREANN PAYROLL,,1107.98,78642.60,PAY201606
28/06/2016,SEPA CT WAGES P. NOWAK,1713.61,,76928.99,PAY 201606
28/06/2016,SEPA CT WAGES S. COAKLEY,386.45,,76542.54,PAY 201606
28/06/2016,SEPA CT WAGES A. BROSNAN,962.81,,75579.73,PAY 201606
28/06/2016,POS YORKSHIRE DAIRY SPARES GBP 560.94,664.41,,74915.32,
30/06/2016,ACCOUNT MAINTENANCE FEE,21.00,,74894.32,
30/06/2016,FACILITY ARRANGEMENT FEE,650.00,,74244.32,
30/06/2016,TFR TO DEPOSIT ACCT,39000.00,,35244.32,
01/07/2016,STO T MULLANE,2175.00,,33069.32,
02/07/2016,ATM WITHDRAWAL,250.00,,32819.32,
05/07/2016,SEPA CT C MULLANE,400.00,,32419.32,FARM LABOUR
05/07/2016,D/D PRSA PENSION,540.00,,31879.32,
07/07/2016,D/D HERDTRACK SOFTWARE,108.24,,31771.08,
08/07/2016,D/D AIB LOAN L01,1218.93,,30552.15,L01
08/07/2016,D/D AIB LOAN L02,2841.89,,27710.26,L02
11/07/2016,SEPA CT CHARLEVILLE FARM PARTS & TYR,481.19,,27229.07,CFP16-0034
11/07/2016,SEPA CT CHARLEVILLE FARM PARTS & TYR,562.72,,26666.35,CFP16-0041
11/07/2016,POS SUPERVALU CHARLEVILLE,247.56,,26418.79,
11/07/2016,POS SUPERVALU CHARLEVILLE incl cashback 100.00,224.66,,26194.13,
12/07/2016,SEPA CT SOUTHERN GENETICS CO-OP,452.97,,25741.16,
12/07/2016,CHQ 005008,672.40,,25068.76,
12/07/2016,SEPA CT TEAGASC,1195.56,,23873.20,TG16-0001
12/07/2016,D/D HEALTH INSURANCE,410.40,,23462.80,
13/07/2016,POS TESCO IRELAND CHARLEVILLE,138.38,,23324.42,
14/07/2016,REVENUE PAYE/PRSI/USC EMP 4521978,3333.06,,19991.36,ROS
14/07/2016,POS TESCO IRELAND CHARLEVILLE,213.54,,19777.82,
14/07/2016,POS AER LINGUS / BOOKING.COM,4106.76,,15671.06,
15/07/2016,SEPA CT SOUTHERN GENETICS CO-OP,820.02,,14851.04,
16/07/2016,ATM WITHDRAWAL,150.00,,14701.04,
18/07/2016,SEPA CT SOUTHERN GENETICS CO-OP,1171.80,,13529.24,SG16-0005
18/07/2016,SEPA CT BALLYHOURA FUELS,2393.82,,11135.42,BF16-0002
18/07/2016,SEPA CT DAIRY HYGIENE SUPPLIES,796.17,,10339.25,DHS16-0005
18/07/2016,SEPA CT LYONS AGRI CONTRACTING,2876.81,,7462.44,LAC16-0002
18/07/2016,SEPA CT CHARLEVILLE FARM PARTS & TYR,502.49,,6959.95,CFP16-0017
18/07/2016,SEPA CT AGRIWRAP PLASTICS,1529.39,,5430.56,AW16-0003
18/07/2016,SEPA CT LISHEEN VETERINARY CLINIC,579.17,,4851.39,LV16-0008
19/07/2016,D/D VODAFONE IRELAND,199.03,,4652.36,
19/07/2016,REVENUE VAT3 MAY-JUN 16,11250.51,,-6598.15,VAT3 2016-05
20/07/2016,POS CHARLEVILLE FARM PARTS,534.83,,-7132.98,
20/07/2016,D/D ESB ELECTRIC SUPPLY,1291.20,,-8424.18,
20/07/2016,SEPA CT P NOWAK,300.00,,-8724.18,OT
20/07/2016,STO ST MARYS CREDIT UNION,200.00,,-8924.18,
21/07/2016,LODGMT CHQ TIM HENNESSY,,2109.68,-6814.50,DOC16-0001
21/07/2016,POS TESCO IRELAND CHARLEVILLE incl cashback 40.00,201.09,,-7015.59,
22/07/2016,D/D SKY / NETFLIX / TV,75.60,,-7091.19,
23/07/2016,ATM WITHDRAWAL,200.00,,-7291.19,
25/07/2016,SLIEVE DAIRY COOP MILK PMT JUN 16,,64777.19,57486.00,MS-201606
26/07/2016,CASH LODGEMENT,,1500.00,58986.00,
26/07/2016,CASH LODGEMENT,,850.00,59836.00,
26/07/2016,POS ALDI CHARLEVILLE incl cashback 40.00,268.52,,59567.48,
28/07/2016,SEPA CT CORK HOOF CARE SERVICES,844.35,,58723.13,HF16-0001
28/07/2016,SEPA CT WAGES P. NOWAK,1713.61,,57009.52,PAY 201607
28/07/2016,SEPA CT WAGES S. COAKLEY,395.50,,56614.02,PAY 201607
28/07/2016,SEPA CT WAGES A. BROSNAN,962.81,,55651.21,PAY 201607
28/07/2016,ATM WITHDRAWAL,300.00,,55351.21,
29/07/2016,SEPA CT DAIRY HYGIENE SUPPLIES,430.32,,54920.89,DHS16-0009
31/07/2016,ACCOUNT MAINTENANCE FEE,21.00,,54899.89,
01/08/2016,STO T MULLANE,2175.00,,52724.89,
02/08/2016,LODGMT CHQ M. O'LEARY,,2132.89,54857.78,DOC16-0002
02/08/2016,ATM WITHDRAWAL,250.00,,54607.78,
02/08/2016,ATM WITHDRAWAL,300.00,,54307.78,
05/08/2016,SEPA CT C MULLANE,400.00,,53907.78,FARM LABOUR
05/08/2016,D/D PRSA PENSION,540.00,,53367.78,
08/08/2016,D/D HERDTRACK SOFTWARE,108.24,,53259.54,
08/08/2016,LODGMT CHQ N. BARRETT,,1374.19,54633.73,DOC16-0002
08/08/2016,D/D AIB LOAN L01,1218.93,,53414.80,L01
08/08/2016,D/D AIB LOAN L02,2841.89,,50572.91,L02
08/08/2016,POS PENNEYS,22.29,,50550.62,
09/08/2016,ATM WITHDRAWAL,300.00,,50250.62,
12/08/2016,D/D HEALTH INSURANCE,410.40,,49840.22,
14/08/2016,ATM WITHDRAWAL,200.00,,49640.22,
14/08/2016,POS APPLEGREEN CHARLEVILLE,73.66,,49566.56,
15/08/2016,SEPA CT DAIRY HYGIENE SUPPLIES,510.59,,49055.97,DHS16-0003
15/08/2016,REVENUE PAYE/PRSI/USC EMP 4521978,3343.10,,45712.87,ROS
15/08/2016,SEPA CT KILCUMMIN AGRI SUPPLIES,9759.31,,35953.56,KA16-0002
15/08/2016,SEPA CT BALLYHOURA FUELS,1792.71,,34160.85,BF16-0004
15/08/2016,SEPA CT LISHEEN VETERINARY CLINIC,2429.87,,31730.98,STMT JUL 16
16/08/2016,SOUTHERN MEATS,,8881.35,40612.33,SM-16-4850
16/08/2016,POS DUNNES STORES CHARLEVILLE incl cashback 100.00,218.79,,40393.54,
18/08/2016,SEPA CT CHARLEVILLE FARM PARTS & TYR,328.35,,40065.19,CFP16-0037
18/08/2016,D/D ESB ELECTRIC SUPPLY,1390.28,,38674.91,
18/08/2016,POS SUPERVALU CHARLEVILLE,82.98,,38591.93,
18/08/2016,SEPA CT CHARLEVILLE FARM PARTS & TYR,267.84,,38324.09,CFP16-0033
19/08/2016,ATM WITHDRAWAL,200.00,,38124.09,
19/08/2016,SEPA CT LYONS AGRI CONTRACTING,3982.72,,34141.37,LAC16-0001
21/08/2016,POS TESCO IRELAND CHARLEVILLE,220.10,,33921.27,
22/08/2016,D/D VODAFONE IRELAND,197.56,,33723.71,
22/08/2016,SEPA CT P NOWAK,300.00,,33423.71,OT
22/08/2016,POS ALDI CHARLEVILLE,111.65,,33312.06,
22/08/2016,STO ST MARYS CREDIT UNION,200.00,,33112.06,
22/08/2016,D/D SKY / NETFLIX / TV,75.60,,33036.46,
22/08/2016,SEPA CT UCC FEES,3000.00,,30036.46,CIAN
22/08/2016,SEPA CT DAIRY HYGIENE SUPPLIES,834.30,,29202.16,DHS16-0006
24/08/2016,POS DUNNES STORES CHARLEVILLE incl cashback 60.00,248.14,,28954.02,
24/08/2016,POS SUPERVALU CHARLEVILLE incl cashback 100.00,339.92,,28614.10,
24/08/2016,SEPA CT O'BRIEN PLANT HIRE,1787.17,,26826.93,OB16-0003
25/08/2016,SLIEVE DAIRY COOP MILK PMT JUL 16,,55590.53,82417.46,MS-201607
26/08/2016,CHQ 005009,608.74,,81808.72,
29/08/2016,LODGMT CHQ P. DINEEN,,1481.90,83290.62,DOC16-0002
29/08/2016,SEPA CT WAGES P. NOWAK,1713.61,,81577.01,PAY 201608
29/08/2016,SEPA CT WAGES S. COAKLEY,384.89,,81192.12,PAY 201608
29/08/2016,SEPA CT WAGES A. BROSNAN,962.81,,80229.31,PAY 201608
31/08/2016,ACCOUNT MAINTENANCE FEE,21.00,,80208.31,
31/08/2016,TFR TO DEPOSIT ACCT,45000.00,,35208.31,
01/09/2016,STO T MULLANE,2175.00,,33033.31,
05/09/2016,SEPA CT C MULLANE,400.00,,32633.31,FARM LABOUR
05/09/2016,D/D PRSA PENSION,540.00,,32093.31,
05/09/2016,POS SCHOOL UNIFORMS AND BOOKS,1188.00,,30905.31,
06/09/2016,D/D HERDTRACK SOFTWARE,108.24,,30797.07,
08/09/2016,D/D AIB LOAN L01,1218.93,,29578.14,L01
08/09/2016,D/D AIB LOAN L02,2841.89,,26736.25,L02
08/09/2016,POS SUPERVALU CHARLEVILLE incl cashback 100.00,333.95,,26402.30,
08/09/2016,POS APPLEGREEN CHARLEVILLE,95.42,,26306.88,
12/09/2016,SEPA CT CHARLEVILLE FARM PARTS & TYR,479.75,,25827.13,CFP16-0014
12/09/2016,D/D HEALTH INSURANCE,410.40,,25416.73,
13/09/2016,SEPA CT MUNSTER TRACTORS,118080.00,,-92663.27,MT16-0001
14/09/2016,REVENUE PAYE/PRSI/USC EMP 4521978,3331.36,,-95994.63,ROS
14/09/2016,ATM WITHDRAWAL,300.00,,-96294.63,
15/09/2016,ATM WITHDRAWAL,200.00,,-96494.63,
16/09/2016,POS ALDI CHARLEVILLE incl cashback 100.00,226.99,,-96721.62,
19/09/2016,KILBEG LIVESTOCK MART SALE,,9661.43,-87060.19,LD-16-2795
19/09/2016,POS SUPERVALU CHARLEVILLE incl cashback 40.00,122.84,,-87183.03,
19/09/2016,SEPA CT GLENFERN FEEDS,4840.60,,-92023.63,GF16-0010
19/09/2016,SEPA CT KILCUMMIN AGRI SUPPLIES,7093.35,,-99116.98,KA16-0004
19/09/2016,SEPA CT LYONS AGRI CONTRACTING,3250.92,,-102367.90,LAC16-0004
19/09/2016,SEPA CT CHARLEVILLE FARM PARTS & TYR,470.00,,-102837.90,
19/09/2016,REVENUE VAT3 JUL-AUG 16,8668.23,,-111506.13,VAT3 2016-07
20/09/2016,D/D VODAFONE IRELAND,203.71,,-111709.84,
20/09/2016,STO ST MARYS CREDIT UNION,200.00,,-111909.84,
22/09/2016,ATM WITHDRAWAL,150.00,,-112059.84,
22/09/2016,D/D SKY / NETFLIX / TV,75.60,,-112135.44,
22/09/2016,SEPA CT BALLYHOURA FUELS,1896.82,,-114032.26,BF16-0008
23/09/2016,D/D ESB ELECTRIC SUPPLY,1480.73,,-115512.99,
23/09/2016,SEPA CT AGRIWRAP PLASTICS,840.16,,-116353.15,AW16-0004
24/09/2016,POS TESCO IRELAND CHARLEVILLE incl cashback 100.00,247.19,,-116600.34,
26/09/2016,SLIEVE DAIRY COOP MILK PMT AUG 16,,52810.13,-63790.21,MS-201608
26/09/2016,BUS EIREANN PAYROLL,,1107.98,-62682.23,PAY201609
27/09/2016,SEPA CT LISHEEN VETERINARY CLINIC,441.89,,-63124.12,LV16-0019
27/09/2016,SEPA CT BALLYHOURA FUELS,2129.46,,-65253.58,BF16-0006
28/09/2016,POS LISHEEN VETERINARY CLI,673.65,,-65927.23,
28/09/2016,CASH LODGEMENT,,1200.00,-64727.23,
28/09/2016,SEPA CT WAGES P. NOWAK,1713.61,,-66440.84,PAY 201609
28/09/2016,SEPA CT WAGES S. COAKLEY,389.45,,-66830.29,PAY 201609
28/09/2016,CASH LODGEMENT,,28500.00,-38330.29,
30/09/2016,ACCOUNT MAINTENANCE FEE,21.00,,-38351.29,
30/09/2016,OVERDRAFT INTEREST,206.46,,-38557.75,
30/09/2016,TFR FROM DEPOSIT ACCT,,53000.00,14442.25,
02/10/2016,ATM WITHDRAWAL,300.00,,14142.25,
03/10/2016,STO T MULLANE,2175.00,,11967.25,
04/10/2016,POS GLENFERN FEEDS,4410.33,,7556.92,
05/10/2016,SEPA CT C MULLANE,400.00,,7156.92,FARM LABOUR
05/10/2016,D/D PRSA PENSION,540.00,,6616.92,
06/10/2016,D/D HERDTRACK SOFTWARE,108.24,,6508.68,
07/10/2016,POS TESCO IRELAND CHARLEVILLE incl cashback 60.00,224.71,,6283.97,
10/10/2016,D/D AIB LOAN L01,1218.93,,5065.04,L01
10/10/2016,D/D AIB LOAN L02,2841.89,,2223.15,L02
10/10/2016,ATM WITHDRAWAL,300.00,,1923.15,
10/10/2016,POS ALDI CHARLEVILLE incl cashback 100.00,318.91,,1604.24,
12/10/2016,POS ALDI CHARLEVILLE,134.78,,1469.46,
12/10/2016,D/D HEALTH INSURANCE,410.40,,1059.06,
13/10/2016,ATM WITHDRAWAL,200.00,,859.06,
14/10/2016,SEPA CR N. BARRETT,,1583.52,2442.58,DOC16-0001
14/10/2016,REVENUE PAYE/PRSI/USC EMP 4521978,2289.88,,152.70,ROS
14/10/2016,POS PENNEYS,24.50,,128.20,
15/10/2016,POS APPLEGREEN CHARLEVILLE,71.42,,56.78,
17/10/2016,POS DUNNES STORES CHARLEVILLE,91.44,,-34.66,
17/10/2016,POS ALDI CHARLEVILLE,195.65,,-230.31,
18/10/2016,SEPA CT CORK HOOF CARE SERVICES,874.26,,-1104.57,HF16-0006
18/10/2016,D/D VODAFONE IRELAND,188.25,,-1292.82,
18/10/2016,SEPA CT BALLYHOURA FUELS,1300.06,,-2592.88,BF16-0003
20/10/2016,STO ST MARYS CREDIT UNION,200.00,,-2792.88,
21/10/2016,D/D ESB ELECTRIC SUPPLY,1442.80,,-4235.68,
21/10/2016,DAFM BASIC PAYMENT ADVANCE,,13606.02,9370.34,MENT2016
24/10/2016,POS LISHEEN VETERINARY CLI,444.41,,8925.93,
24/10/2016,D/D SKY / NETFLIX / TV,75.60,,8850.33,
24/10/2016,SEPA CT GLENFERN FEEDS,7312.47,,1537.86,STMT SEP 16
24/10/2016,SEPA CT CHARLEVILLE FARM PARTS & TYR,1777.49,,-239.63,STMT SEP 16
24/10/2016,SEPA CT LISHEEN VETERINARY CLINIC,3047.64,,-3287.27,STMT SEP 16
25/10/2016,SLIEVE DAIRY COOP MILK PMT SEP 16,,40110.22,36822.95,MS-201609
25/10/2016,SOUTHERN MEATS,,8039.08,44862.03,SM-16-3761
25/10/2016,BUS EIREANN PAYROLL,,1107.98,45970.01,PAY201610
26/10/2016,POS LIDL CHARLEVILLE incl cashback 100.00,297.44,,45672.57,
27/10/2016,ATM WITHDRAWAL,150.00,,45522.57,
28/10/2016,SEPA CT WAGES P. NOWAK,1713.61,,43808.96,PAY 201610
28/10/2016,SEPA CT WAGES S. COAKLEY,384.83,,43424.13,PAY 201610
31/10/2016,SEPA CT LISHEEN VETERINARY CLINIC,747.77,,42676.36,LV16-0006
31/10/2016,ACCOUNT MAINTENANCE FEE,21.00,,42655.36,
31/10/2016,REVENUE INCOME TAX BAL + PRELIM,12500.00,,30155.36,ROS
01/11/2016,STO T MULLANE,2175.00,,27980.36,
03/11/2016,POS TESCO IRELAND CHARLEVILLE,210.00,,27770.36,
04/11/2016,DAFM FORESTRY PREMIUM,,2400.00,30170.36,
06/11/2016,POS LIDL CHARLEVILLE incl cashback 100.00,328.20,,29842.16,
07/11/2016,D/D HERDTRACK SOFTWARE,108.24,,29733.92,
07/11/2016,LODGMT CHQ D. BUCKLEY,,1070.74,30804.66,DOC16-0002
07/11/2016,SEPA CT C MULLANE,400.00,,30404.66,FARM LABOUR
07/11/2016,D/D PRSA PENSION,540.00,,29864.66,
08/11/2016,D/D AIB LOAN L01,1218.93,,28645.73,L01
08/11/2016,D/D AIB LOAN L02,2841.89,,25803.84,L02
09/11/2016,ATM WITHDRAWAL,250.00,,25553.84,
10/11/2016,POS APPLEGREEN CHARLEVILLE,98.03,,25455.81,
14/11/2016,CHQ 005012,402.25,,25053.56,
14/11/2016,SEPA CT DAIRY HYGIENE SUPPLIES,530.90,,24522.66,DHS16-0011
14/11/2016,REVENUE PAYE/PRSI/USC EMP 4521978,2284.75,,22237.91,ROS
14/11/2016,REVENUE PAYE/PRSI/USC EMP 4521978,4100.00,,18137.91,ROS
14/11/2016,ATM WITHDRAWAL,300.00,,17837.91,
14/11/2016,D/D HEALTH INSURANCE,410.40,,17427.51,
16/11/2016,ATM WITHDRAWAL,200.00,,17227.51,
17/11/2016,SEPA CT CORK HOOF CARE SERVICES,1590.75,,15636.76,STMT OCT 16
18/11/2016,D/D ESB ELECTRIC SUPPLY,1321.98,,14314.78,
18/11/2016,D/D VODAFONE IRELAND,207.55,,14107.23,
18/11/2016,POS SUPERVALU CHARLEVILLE incl cashback 100.00,189.24,,13917.99,
21/11/2016,POS CHARLEVILLE FARM PARTS,623.23,,13294.76,
21/11/2016,SEPA CT P NOWAK,400.00,,12894.76,OT
21/11/2016,POS TESCO IRELAND CHARLEVILLE incl cashback 100.00,263.89,,12630.87,
21/11/2016,STO ST MARYS CREDIT UNION,200.00,,12430.87,
21/11/2016,SEPA CT LYONS AGRI CONTRACTING,2060.05,,10370.82,LAC16-0003
21/11/2016,SEPA CT O'BRIEN PLANT HIRE,5926.81,,4444.01,STMT OCT 16
21/11/2016,SEPA CT LISHEEN VETERINARY CLINIC,452.54,,3991.47,LV16-0017
22/11/2016,KILBEG LIVESTOCK MART SALE,,8459.35,12450.82,LD-16-3089
22/11/2016,ATM WITHDRAWAL,250.00,,12200.82,
22/11/2016,D/D SKY / NETFLIX / TV,75.60,,12125.22,
22/11/2016,SEPA CT DAIRY HYGIENE SUPPLIES,502.41,,11622.81,DHS16-0013
22/11/2016,SEPA CT CHARLEVILLE FARM PARTS & TYR,630.73,,10992.08,CFP16-0009
24/11/2016,SEPA CT DAIRY HYGIENE SUPPLIES,500.95,,10491.13,DHS16-0015
25/11/2016,SLIEVE DAIRY COOP MILK PMT OCT 16,,26022.11,36513.24,MS-201610
25/11/2016,BUS EIREANN PAYROLL,,1107.98,37621.22,PAY201611
26/11/2016,SEPA CT T BUCKLEY,16500.00,,21121.22,
27/11/2016,SEPA CT CHARLEVILLE FARM PARTS & TYR,630.73,,20490.49,CFP16-0009
28/11/2016,SEPA CT WAGES P. NOWAK,1713.61,,18776.88,PAY 201611
28/11/2016,SEPA CT WAGES S. COAKLEY,386.16,,18390.72,PAY 201611
30/11/2016,ACCOUNT MAINTENANCE FEE,21.00,,18369.72,
01/12/2016,STO T MULLANE,2175.00,,16194.72,
01/12/2016,REVENUE VAT REPAYMENT SEP-OCT 16,,16337.20,32531.92,VAT3 2016-09
03/12/2016,ATM WITHDRAWAL,200.00,,32331.92,
05/12/2016,SEPA CT C MULLANE,400.00,,31931.92,FARM LABOUR
05/12/2016,DAFM BASIC PAYMENT BALANCE,,4535.34,36467.26,MENT2016
05/12/2016,POS TESCO IRELAND CHARLEVILLE,207.16,,36260.10,
05/12/2016,D/D PRSA PENSION,540.00,,35720.10,
06/12/2016,D/D HERDTRACK SOFTWARE,108.24,,35611.86,
07/12/2016,TEAGASC KT GROUP PMT,,750.00,36361.86,
08/12/2016,D/D AIB LOAN L01,1218.93,,35142.93,L01
08/12/2016,D/D AIB LOAN L02,2841.89,,32301.04,L02
08/12/2016,ATM WITHDRAWAL,200.00,,32101.04,
09/12/2016,ATM WITHDRAWAL,150.00,,31951.04,
10/12/2016,POS TESCO IRELAND CHARLEVILLE,223.81,,31727.23,
12/12/2016,DAFF DISADV AREAS,,2980.00,34707.23,ANC2016
12/12/2016,D/D HEALTH INSURANCE,410.40,,34296.83,
12/12/2016,POS ARNOTTS / PENNEYS / TOYS,1447.23,,32849.60,
13/12/2016,SEPA CT DAIRY HYGIENE SUPPLIES,351.44,,32498.16,DHS16-0002
13/12/2016,POS APPLEGREEN CHARLEVILLE,86.44,,32411.72,
14/12/2016,POS DAIRY HYGIENE SUPPLIES,598.33,,31813.39,
14/12/2016,SEPA CR BALLYNOE FARMS PARTNERSHIP,,2114.02,33927.41,DOC16-0001
14/12/2016,REVENUE PAYE/PRSI/USC EMP 4521978,2286.22,,31641.19,ROS
15/12/2016,SEPA CT LISHEEN VETERINARY CLINIC,518.68,,31122.51,LV16-0020
15/12/2016,ATM WITHDRAWAL,200.00,,30922.51,
15/12/2016,SEPA CT GLENFERN FEEDS,3113.91,,27808.60,GF16-0001
15/12/2016,SEPA CT CHARLEVILLE FARM PARTS & TYR,1425.37,,26383.23,STMT NOV 16
16/12/2016,SEPA CT SOUTHERN GENETICS CO-OP,847.97,,25535.26,SG16-0001
16/12/2016,POS DUNNES STORES CHARLEVILLE incl cashback 60.00,251.96,,25283.30,
19/12/2016,D/D VODAFONE IRELAND,206.11,,25077.19,
19/12/2016,DAFM GLAS,,5200.00,30277.19,
19/12/2016,SEPA CT LISHEEN VETERINARY CLINIC,1617.92,,28659.27,STMT NOV 16
20/12/2016,POS SUPERVALU CHARLEVILLE,112.46,,28546.81,
20/12/2016,STO ST MARYS CREDIT UNION,200.00,,28346.81,
22/12/2016,D/D ESB ELECTRIC SUPPLY,1468.21,,26878.60,
22/12/2016,D/D SKY / NETFLIX / TV,75.60,,26803.00,
23/12/2016,ATM WITHDRAWAL,300.00,,26503.00,
24/12/2016,POS DUNNES STORES CHARLEVILLE incl cashback 100.00,257.84,,26245.16,
25/12/2016,POS SUPERVALU CHARLEVILLE,92.57,,26152.59,
27/12/2016,SLIEVE DAIRY COOP MILK PMT NOV 16,,10506.35,36658.94,MS-201611
27/12/2016,BUS EIREANN PAYROLL,,1107.98,37766.92,PAY201612
27/12/2016,SEPA CT CORK HOOF CARE SERVICES,1570.34,,36196.58,STMT NOV 16
28/12/2016,SEPA CT WAGES P. NOWAK,1713.61,,34482.97,PAY 201612
28/12/2016,SEPA CT WAGES S. COAKLEY,410.46,,34072.51,PAY 201612
31/12/2016,ACCOUNT MAINTENANCE FEE,21.00,,34051.51,
